date,total_passengers_dep,sea_total_dep,sea_indonesia_dep,sea_malaysia_dep,sea_philippines_dep,sea_thailand_dep,sea_vietnam_dep,nth_east_asia_total_dep,nth_east_asia_china_dep,nth_east_asia_hongkong_dep,nth_east_asia_japan_dep,sth_asia_total_dep,mid_east_total_dep,oceania_total_dep,europe_total_dep,europe_france_dep,europe_germany_dep,europe_UK_dep,nth_america_total_dep,other_regions_total_dep
  1961 Jan,11355,na,1878,na,122,919,na,na,na,881,71,na,na,na,na,na,na,455,na,na
  1961 Feb,11060,na,1458,na,141,1083,na,na,na,1008,121,na,na,na,na,na,na,367,na,na
  1961 Mar,12884,na,1671,na,195,1850,na,na,na,1459,88,na,na,na,na,na,na,441,na,na
  1961 Apr,13162,na,1841,na,233,1836,na,na,na,1489,284,na,na,na,na,na,na,621,na,na
  1961 May,11895,na,1601,na,257,1619,na,na,na,1261,115,na,na,na,na,na,na,492,na,na
  1961 Jun,10897,na,1517,na,165,1165,na,na,na,1018,94,na,na,na,na,na,na,535,na,na
  1961 Jul,12350,na,1966,na,144,1470,na,na,na,1112,86,na,na,na,na,na,na,550,na,na
  1961 Aug,12959,na,1991,na,296,1293,na,na,na,1235,88,na,na,na,na,na,na,586,na,na
  1961 Sep,13202,na,1484,na,177,1333,na,na,na,1447,100,na,na,na,na,na,na,1570,na,na
  1961 Oct,13218,na,1805,na,306,1681,na,na,na,1436,191,na,na,na,na,na,na,417,na,na
  1961 Nov,13314,na,1838,na,269,1645,na,na,na,1566,158,na,na,na,na,na,na,442,na,na
  1961 Dec,13463,na,2091,na,214,1374,na,na,na,1389,168,na,na,na,na,na,na,491,na,na
  1962 Jan,12949,na,1759,na,211,1227,na,na,na,934,106,na,na,na,na,na,na,563,na,na
  1962 Feb,12432,na,1553,na,190,1422,na,na,na,954,108,na,na,na,na,na,na,349,na,na
  1962 Mar,14028,na,1810,na,321,2147,na,na,na,1461,241,na,na,na,na,na,na,454,na,na
  1962 Apr,14933,na,1943,na,259,2080,na,na,na,1686,285,na,na,na,na,na,na,627,na,na
  1962 May,13975,na,1575,na,377,1899,na,na,na,1485,205,na,na,na,na,na,na,557,na,na
  1962 Jun,12547,na,1628,na,244,1498,na,na,na,1113,147,na,na,na,na,na,na,550,na,na
  1962 Jul,13904,na,2017,na,278,1991,na,na,na,1202,151,na,na,na,na,na,na,503,na,na
  1962 Aug,14877,na,2464,na,345,1506,na,na,na,1596,171,na,na,na,na,na,na,624,na,na
  1962 Sep,15255,na,1901,na,184,1653,na,na,na,1533,181,na,na,na,na,na,na,1681,na,na
  1962 Oct,14717,na,1758,na,320,1859,na,na,na,1593,242,na,na,na,na,na,na,511,na,na
  1962 Nov,15993,na,1807,na,411,2062,na,na,na,2000,255,na,na,na,na,na,na,419,na,na
  1962 Dec,15528,na,1975,na,232,1732,na,na,na,1670,214,na,na,na,na,na,na,505,na,na
  1963 Jan,14363,na,1587,na,220,1322,na,na,na,1052,111,na,na,na,na,na,na,578,na,na
  1963 Feb,13699,na,1562,na,189,1464,na,na,na,1386,104,na,na,na,na,na,na,307,na,na
  1963 Mar,15784,na,1644,na,282,2478,na,na,na,1762,199,na,na,na,na,na,na,554,na,na
  1963 Apr,17060,na,1729,na,337,2595,na,na,na,2028,164,na,na,na,na,na,na,768,na,na
  1963 May,15784,na,1594,na,245,2288,na,na,na,1629,139,na,na,na,na,na,na,717,na,na
  1963 Jun,13725,na,1643,na,223,1735,na,na,na,1138,120,na,na,na,na,na,na,556,na,na
  1963 Jul,16687,na,2045,na,339,2384,na,na,na,1274,170,na,na,na,na,na,na,620,na,na
  1963 Aug,17600,na,2104,na,383,1920,na,na,na,1675,173,na,na,na,na,na,na,663,na,na
  1963 Sep,16687,na,1518,na,344,1603,na,na,na,1497,145,na,na,na,na,na,na,1976,na,na
  1963 Oct,15086,na,1,na,324,2531,na,na,na,1711,135,na,na,na,na,na,na,496,na,na
  1963 Nov,16353,na,9,na,537,2382,na,na,na,2012,103,na,na,na,na,na,na,397,na,na
  1963 Dec,15122,na,10,na,276,1575,na,na,na,1529,103,na,na,na,na,na,na,647,na,na
  1964 Jan,14346,na,4,na,273,1431,na,na,na,1024,72,na,na,na,na,na,na,591,na,na
  1964 Feb,17312,na,5,na,454,1926,na,na,na,1517,69,na,na,na,na,na,na,1470,na,na
  1964 Mar,17275,na,15,na,505,2612,na,na,na,1904,160,na,na,na,na,na,na,614,na,na
  1964 Apr,17125,na,114,na,392,2649,na,na,na,2022,180,na,na,na,na,na,na,682,na,na
  1964 May,16546,na,123,na,445,1985,na,na,na,1700,173,na,na,na,na,na,na,529,na,na
  1964 Jun,14148,na,138,na,305,1503,na,na,na,1384,99,na,na,na,na,na,na,553,na,na
  1964 Jul,15594,na,153,na,155,1955,na,na,na,1470,139,na,na,na,na,na,na,571,na,na
  1964 Aug,16818,na,173,na,317,1765,na,na,na,1721,174,na,na,na,na,na,na,791,na,na
  1964 Sep,15232,na,86,na,239,1505,na,na,na,1326,130,na,na,na,na,na,na,1688,na,na
  1964 Oct,16309,na,131,na,377,2181,na,na,na,1955,122,na,na,na,na,na,na,505,na,na
  1964 Nov,18335,na,215,na,649,2314,na,na,na,2239,119,na,na,na,na,na,na,541,na,na
  1964 Dec,19589,na,111,na,411,1884,na,na,na,1836,151,na,na,na,na,na,na,589,na,na
  1965 Jan,17955,na,135,na,374,1426,na,na,na,1586,118,na,na,na,na,na,na,1311,na,na
  1965 Feb,17528,na,124,na,303,1755,na,na,na,1815,127,na,na,na,na,na,na,479,na,na
  1965 Mar,19093,na,157,na,428,2578,na,na,na,2083,161,na,na,na,na,na,na,656,na,na
  1965 Apr,20331,na,169,na,257,2259,na,na,na,2589,270,na,na,na,na,na,na,986,na,na
  1965 May,19870,na,132,na,395,2314,na,na,na,2096,191,na,na,na,na,na,na,777,na,na
  1965 Jun,16298,na,108,na,258,1561,na,na,na,1447,140,na,na,na,na,na,na,670,na,na
  1965 Jul,19684,na,131,na,383,2053,na,na,na,1763,168,na,na,na,na,na,na,846,na,na
  1965 Aug,21016,na,175,na,408,2108,na,na,na,2087,221,na,na,na,na,na,na,872,na,na
  1965 Sep,20302,na,94,na,285,1990,na,na,na,2007,296,na,na,na,na,na,na,2511,na,na
  1965 Oct,19955,na,110,na,428,2972,na,na,na,1999,151,na,na,na,na,na,na,495,na,na
  1965 Nov,20426,na,155,na,684,2383,na,na,na,2204,201,na,na,na,na,na,na,515,na,na
  1965 Dec,21269,na,145,na,503,1834,na,na,na,1941,192,na,na,na,na,na,na,658,na,na
  1966 Jan,20684,na,187,9550,215,1522,na,na,na,1471,108,na,na,na,na,na,na,1559,na,na
  1966 Feb,19138,na,163,8324,342,1967,na,na,na,1942,116,na,na,na,na,na,na,431,na,na
  1966 Mar,19557,na,174,8694,409,2427,na,na,na,1946,187,na,na,na,na,na,na,653,na,na
  1966 Apr,22675,na,219,9831,443,2587,na,na,na,2488,324,na,na,na,na,na,na,992,na,na
  1966 May,21228,na,250,9174,407,2842,na,na,na,2016,229,na,na,na,na,na,na,678,na,na
  1966 Jun,19913,na,250,8622,404,2023,na,na,na,1639,337,na,na,na,na,na,na,655,na,na
  1966 Jul,23038,na,325,9520,476,2809,na,na,na,2180,247,na,na,na,na,na,na,667,na,na
  1966 Aug,24675,na,369,10897,569,2719,na,na,na,2232,319,na,na,na,na,na,na,832,na,na
  1966 Sep,23185,na,446,8968,431,2000,na,na,na,2276,304,na,na,na,na,na,na,2461,na,na
  1966 Oct,24043,na,658,9642,496,2825,na,na,na,2726,266,na,na,na,na,na,na,524,na,na
  1966 Nov,25736,na,765,10043,634,3269,na,na,na,2758,197,na,na,na,na,na,na,529,na,na
  1966 Dec,28318,na,930,12809,645,3114,na,na,na,2312,232,na,na,na,na,na,na,659,na,na
  1967 Jan,25437,na,963,10512,434,2018,na,na,na,1652,198,na,na,na,na,na,na,1659,na,na
  1967 Feb,24733,na,1116,10104,474,2058,na,na,na,2236,319,na,na,na,na,na,na,510,na,na
  1967 Mar,26682,na,1319,10956,597,2940,na,na,na,2277,288,na,na,na,na,na,na,677,na,na
  1967 Apr,30273,na,1545,12229,589,3553,na,na,na,2813,361,na,na,na,na,na,na,1132,na,na
  1967 May,28255,na,1673,11264,557,3579,na,na,na,2233,493,na,na,na,na,na,na,831,na,na
  1967 Jun,25942,na,1873,10237,524,2573,na,na,na,2034,314,na,na,na,na,na,na,752,na,na
  1967 Jul,31328,na,2198,11334,671,3750,na,na,na,2286,492,na,na,na,na,na,na,1897,na,na
  1967 Aug,33880,na,2846,12770,701,3238,na,na,na,2653,533,na,na,na,na,na,na,1128,na,na
  1967 Sep,30271,na,2496,9739,478,2829,na,na,na,2253,332,na,na,na,na,na,na,2448,na,na
  1967 Oct,30784,na,2803,10583,528,3446,na,na,na,2665,304,na,na,na,na,na,na,595,na,na
  1967 Nov,32377,na,2772,10972,810,3457,na,na,na,3278,315,na,na,na,na,na,na,559,na,na
  1967 Dec,33996,na,2778,13332,643,3259,na,na,na,2290,405,na,na,na,na,na,na,656,na,na
  1968 Jan,31725,na,2684,11586,616,2509,na,na,na,2097,275,na,na,na,na,na,na,1889,na,na
  1968 Feb,31165,na,2532,10772,688,2984,na,na,na,2327,340,na,na,na,na,na,na,1152,na,na
  1968 Mar,32437,na,2842,11117,691,3441,na,na,na,2498,482,na,na,na,na,na,na,1436,na,na
  1968 Apr,35624,na,3301,11890,658,4147,na,na,na,3429,503,na,na,na,na,na,na,1194,na,na
  1968 May,34107,na,3375,11774,733,3882,na,na,na,3038,489,na,na,na,na,na,na,764,na,na
  1968 Jun,31511,na,3194,10647,612,3123,na,na,na,2445,490,na,na,na,na,na,na,802,na,na
  1968 Jul,35185,na,3528,11939,813,3799,na,na,na,2469,487,na,na,na,na,na,na,1105,na,na
  1968 Aug,38765,na,3974,13346,781,3795,na,na,na,3251,677,na,na,na,na,na,na,1653,na,na
  1968 Sep,33844,na,3219,10784,506,2759,na,na,na,2613,534,na,na,na,na,na,na,2468,na,na
  1968 Oct,36538,na,3579,11639,822,4080,na,na,na,3894,616,na,na,na,na,na,na,797,na,na
  1968 Nov,36944,na,3485,11860,847,3855,na,na,na,3253,632,na,na,na,na,na,na,916,na,na
  1968 Dec,39011,na,3557,14313,762,3466,na,na,na,2887,502,na,na,na,na,na,na,1075,na,na
  1969 Jan,38662,na,4049,12615,665,3141,na,na,na,2594,439,na,na,na,na,na,na,1942,na,na
  1969 Feb,35532,na,4001,11707,687,2968,na,na,na,2460,493,na,na,na,na,na,na,615,na,na
  1969 Mar,40554,na,4986,13256,986,4072,na,na,na,3366,641,na,na,na,na,na,na,1278,na,na
  1969 Apr,45544,na,5410,14398,994,5197,na,na,na,4241,833,na,na,na,na,na,na,1984,na,na
  1969 May,40752,na,5164,10526,1115,5387,na,na,na,3648,832,na,na,na,na,na,na,1492,na,na
  1969 Jun,39376,na,4811,11397,898,4704,na,na,na,3052,755,na,na,na,na,na,na,1042,na,na
  1969 Jul,45626,na,5795,13057,1100,4859,na,na,na,3751,853,na,na,na,na,na,na,2098,na,na
  1969 Aug,48201,na,6054,15140,951,4372,na,na,na,4473,1044,na,na,na,na,na,na,1194,na,na
  1969 Sep,46206,na,5900,13141,738,3539,na,na,na,3803,956,na,na,na,na,na,na,3368,na,na
  1969 Oct,48264,na,7153,13889,1258,4917,na,na,na,4339,973,na,na,na,na,na,na,978,na,na
  1969 Nov,51158,na,8473,14646,1248,4938,na,na,na,4503,974,na,na,na,na,na,na,1063,na,na
  1969 Dec,55030,na,8570,18427,1122,4618,na,na,na,3747,959,na,na,na,na,na,na,2165,na,na
  1970 Jan,49616,na,7975,14718,1049,3428,na,na,na,3275,682,na,na,na,na,na,na,2759,na,na
  1970 Feb,45303,na,7484,14683,884,3842,na,na,na,3540,783,na,na,na,na,na,na,1158,na,na
  1970 Mar,52506,na,8686,15858,1209,5869,na,na,na,4108,1031,na,na,na,na,na,na,2906,na,na
  1970 Apr,57612,na,8658,16957,1714,7156,na,na,na,5503,1693,na,na,na,na,na,na,2774,na,na
  1970 May,57174,na,8930,16535,1625,7468,na,na,na,5369,1671,na,na,na,na,na,na,1797,na,na
  1970 Jun,53564,na,9470,15751,1215,5285,na,na,na,4816,1132,na,na,na,na,na,na,2029,na,na
  1970 Jul,63288,na,10777,17890,1727,6718,na,na,na,5604,1424,na,na,na,na,na,na,4538,na,na
  1970 Aug,67359,na,11315,20296,1965,7757,na,na,na,6877,1645,na,na,na,na,na,na,2333,na,na
  1970 Sep,61152,na,10753,17177,1467,5438,na,na,na,5196,1325,na,na,na,na,na,na,3656,na,na
  1970 Oct,56265,na,11304,16924,1483,5296,na,na,na,4963,1096,na,na,na,na,na,na,1204,na,na
  1970 Nov,58300,na,12230,17676,1602,5297,na,na,na,5318,1096,na,na,na,na,na,na,1292,na,na
  1970 Dec,66491,na,13165,22728,1258,5819,na,na,na,4807,1187,na,na,na,na,na,na,3406,na,na
  1971 Jan,63362,na,12135,20609,1325,4828,na,na,na,4365,1056,na,na,na,na,na,na,3251,na,na
  1971 Feb,57256,na,11989,17501,1243,4848,na,na,na,5160,915,na,na,na,na,na,na,1654,na,na
  1971 Mar,61145,na,12410,18613,1570,5792,na,na,na,5622,1305,na,na,na,na,na,na,2484,na,na
  1971 Apr,66839,na,13060,20494,1807,6726,na,na,na,6364,1464,na,na,na,na,na,na,3894,na,na
  1971 May,67752,na,13240,20422,1668,7221,na,na,na,5402,1502,na,na,na,na,na,na,3251,na,na
  1971 Jun,62478,na,12191,18088,1647,5267,na,na,na,4679,1248,na,na,na,na,na,na,3826,na,na
  1971 Jul,67672,na,12678,20140,1929,5541,na,na,na,4935,1328,na,na,na,na,na,na,4148,na,na
  1971 Aug,78000,na,15550,23732,1898,6667,na,na,na,6774,1810,na,na,na,na,na,na,3411,na,na
  1971 Sep,71202,na,13238,20039,1338,6006,na,na,na,5327,1303,na,na,na,na,na,na,4621,na,na
  1971 Oct,75469,na,14392,21889,1907,7562,na,na,na,7117,1560,na,na,na,na,na,na,2736,na,na
  1971 Nov,78591,na,15499,22996,1931,6924,na,na,na,7213,1525,na,na,na,na,na,na,2900,na,na
  1971 Dec,86030,na,15747,29317,1685,6587,na,na,na,5716,1449,na,na,na,na,na,na,6365,na,na
  1972 Jan,77313,na,14105,22053,1347,6202,na,na,na,5402,1446,na,na,na,na,na,na,5151,na,na
  1972 Feb,76263,na,13256,23242,1517,7309,na,na,na,6394,1664,na,na,na,na,na,na,4252,na,na
  1972 Mar,81697,na,15423,24199,1618,7615,na,na,na,6419,2653,na,na,na,na,na,na,5805,na,na
  1972 Apr,82510,na,15054,24167,1687,8596,na,na,na,7597,1743,na,na,na,na,na,na,7811,na,na
  1972 May,81976,na,14640,22616,1824,8705,na,na,na,6861,1932,na,na,na,na,na,na,7384,na,na
  1972 Jun,79998,na,14857,22985,1923,7070,na,na,na,6186,1935,na,na,na,na,na,na,7705,na,na
  1972 Jul,82762,na,16104,24636,2175,7419,na,na,na,5768,2125,na,na,na,na,na,na,6890,na,na
  1972 Aug,94615,na,17876,26598,1894,9258,na,na,na,7689,2211,na,na,na,na,na,na,6829,na,na
  1972 Sep,85910,na,15686,24430,1605,7403,na,na,na,6451,1976,na,na,na,na,na,na,8070,na,na
  1972 Oct,91748,na,17594,23753,1543,10446,na,na,na,8864,2748,na,na,na,na,na,na,4260,na,na
  1972 Nov,97175,na,18750,28072,1696,9774,na,na,na,9011,2135,na,na,na,na,na,na,4936,na,na
  1972 Dec,107285,na,18778,35837,1781,8691,na,na,na,7815,2133,na,na,na,na,na,na,6912,na,na
  1973 Jan,104633,na,19354,28813,1920,8900,na,na,na,9078,2474,na,na,na,na,na,na,5139,na,na
  1973 Feb,98860,na,17231,28786,1788,10785,na,na,na,9694,2419,na,na,na,na,na,na,3691,na,na
  1973 Mar,100881,na,18739,29895,1740,10804,na,na,na,9817,2703,na,na,na,na,na,na,5757,na,na
  1973 Apr,110629,na,20669,34221,1968,11569,na,na,na,10930,2562,na,na,na,na,na,na,5580,na,na
  1973 May,112819,na,20260,26214,2498,11463,na,na,na,11604,3283,na,na,na,na,na,na,6718,na,na
  1973 Jun,102209,na,18933,30307,1936,8788,na,na,na,8351,3093,na,na,na,na,na,na,5049,na,na
  1973 Jul,113549,na,22849,32699,2168,10433,na,na,na,9054,2646,na,na,na,na,na,na,5534,na,na
  1973 Aug,124116,na,24221,34092,2058,11875,na,na,na,11454,3157,na,na,na,na,na,na,5956,na,na
  1973 Sep,118453,na,21894,32905,1829,9488,na,na,na,10068,2769,na,na,na,na,na,na,6906,na,na
  1973 Oct,121606,na,23838,33346,2697,10551,na,na,na,12555,3295,na,na,na,na,na,na,4831,na,na
  1973 Nov,130741,na,25455,37218,2968,11758,na,na,na,12561,3103,na,na,na,na,na,na,4980,na,na
  1973 Dec,135437,na,27185,43360,2645,12190,na,na,na,9179,2276,na,na,na,na,na,na,5117,na,na
  1974 Jan,129063,na,23822,37423,2170,12662,na,na,na,11223,2795,na,na,na,na,na,na,4881,na,na
  1974 Feb,114197,na,22578,29297,2244,11281,na,na,na,9893,2528,na,na,na,na,na,na,4293,na,na
  1974 Mar,120810,na,23958,34303,2794,12024,na,na,na,9984,2763,na,na,na,na,na,na,5521,na,na
  1974 Apr,120418,na,24498,35406,2870,12471,na,na,na,9805,2598,na,na,na,na,na,na,5914,na,na
  1974 May,120428,na,24529,33032,2921,11768,na,na,na,10120,3096,na,na,na,na,na,na,5305,na,na
  1974 Jun,121255,na,24390,33890,3223,10518,na,na,na,9259,2642,na,na,na,na,na,na,5965,na,na
  1974 Jul,122402,na,26115,33118,2893,9929,na,na,na,9426,2845,na,na,na,na,na,na,6332,na,na
  1974 Aug,141052,na,30246,36685,2638,14588,na,na,na,12003,3690,na,na,na,na,na,na,6096,na,na
  1974 Sep,122212,na,24331,31596,2568,10298,na,na,na,8601,2878,na,na,na,na,na,na,6518,na,na
  1974 Oct,125746,na,26611,31651,2854,13045,na,na,na,10447,3338,na,na,na,na,na,na,3821,na,na
  1974 Nov,131768,na,28663,33461,3745,13704,na,na,na,10645,2934,na,na,na,na,na,na,4669,na,na
  1974 Dec,144381,na,31792,41772,3745,13704,na,na,na,8711,2566,na,na,na,na,na,na,6250,na,na
  1975 Jan,134492,na,29332,33105,2640,13769,na,na,na,9880,3406,na,na,na,na,na,na,5416,na,na
  1975 Feb,123169,na,25077,34161,2822,14017,na,na,na,8856,3094,na,na,na,na,na,na,4593,na,na
  1975 Mar,135029,na,29116,35526,3425,14972,na,na,na,10277,3215,na,na,na,na,na,na,5728,na,na
  1975 Apr,131783,na,27619,35658,3183,13291,na,na,na,10619,2989,na,na,na,na,na,na,7071,na,na
  1975 May,134397,na,29901,33501,3690,13421,na,na,na,10758,3654,na,na,na,na,na,na,6523,na,na
  1975 Jun,129721,na,27506,33209,3352,13212,na,na,na,9477,3356,na,na,na,na,na,na,5997,na,na
  1975 Jul,134239,na,31084,32626,3366,13730,na,na,na,9232,2933,na,na,na,na,na,na,6680,na,na
  1975 Aug,160626,na,32559,37654,3809,16795,na,na,na,14170,4936,na,na,na,na,na,na,7067,na,na
  1975 Sep,142268,na,30343,32503,3245,11998,na,na,na,9916,3466,na,na,na,na,na,na,8099,na,na
  1975 Oct,142090,na,31107,34095,3792,14238,na,na,na,11715,3378,na,na,na,na,na,na,4704,na,na
  1975 Nov,151272,na,32484,37025,4643,16218,na,na,na,13773,3329,na,na,na,na,na,na,4340,na,na
  1975 Dec,157877,na,35034,44202,4411,17320,na,na,na,11082,3161,na,na,na,na,na,na,5751,na,na
  1976 Jan,156949,na,33243,38639,3537,16531,na,na,na,12505,3860,na,na,na,na,na,na,5480,na,na
  1976 Feb,138719,na,28517,34340,3588,16653,na,na,na,11379,3918,na,na,na,na,na,na,4860,na,na
  1976 Mar,147434,na,29976,36745,4085,16214,na,na,na,12719,4275,na,na,na,na,na,na,6906,na,na
  1976 Apr,147280,na,30843,38555,4255,15525,na,na,na,12418,3345,na,na,na,na,na,na,6516,na,na
  1976 May,154962,na,32834,36149,4427,16344,na,na,na,13476,4483,na,na,na,na,na,na,6578,na,na
  1976 Jun,144929,na,31467,36900,4062,13926,na,na,na,11408,3773,na,na,na,na,na,na,5767,na,na
  1976 Jul,154309,na,35990,37504,4173,13563,na,na,na,11111,3739,na,na,na,na,na,na,6540,na,na
  1976 Aug,176872,na,36629,42459,4528,17533,na,na,na,16705,5800,na,na,na,na,na,na,6310,na,na
  1976 Sep,158732,na,34522,36641,3708,12789,na,na,na,13285,4122,na,na,na,na,na,na,6786,na,na
  1976 Oct,157211,na,35135,37191,4549,13860,na,na,na,15725,4553,na,na,na,na,na,na,3743,na,na
  1976 Nov,165310,na,34681,40230,4845,15783,na,na,na,17589,5073,na,na,na,na,na,na,4334,na,na
  1976 Dec,178181,na,40673,51171,5896,16245,na,na,na,14677,3738,na,na,na,na,na,na,4954,na,na
  1977 Jan,173567,na,38155,38900,4102,16334,na,na,na,15338,5181,na,na,na,na,na,na,5473,na,na
  1977 Feb,152595,na,28810,37912,4112,17892,na,na,na,16406,4966,na,na,na,na,na,na,4122,na,na
  1977 Mar,169530,na,36259,40306,5365,18442,na,na,na,17884,5529,na,na,na,na,na,na,5963,na,na
  1977 Apr,167823,na,35414,41340,5147,14884,na,na,na,15984,5722,na,na,na,na,na,na,7342,na,na
  1977 May,170822,na,33770,40764,6037,15289,na,na,na,16174,7184,na,na,na,na,na,na,7503,na,na
  1977 Jun,165728,na,37281,39752,5665,13079,na,na,na,14689,6290,na,na,na,na,na,na,6389,na,na
  1977 Jul,180801,na,44064,40664,5468,13711,na,na,na,13547,5860,na,na,na,na,na,na,6833,na,na
  1977 Aug,201734,na,42010,46434,5469,18593,na,na,na,18547,9481,na,na,na,na,na,na,6669,na,na
  1977 Sep,176875,na,37070,39351,5054,12764,na,na,na,14420,6507,na,na,na,na,na,na,7740,na,na
  1977 Oct,174115,na,37148,39760,6208,15235,na,na,na,16706,6862,na,na,na,na,na,na,4667,na,na
  1977 Nov,188334,na,40553,45785,7025,17086,na,na,na,17323,6236,na,na,na,na,na,na,4780,na,na
  1977 Dec,196185,na,47606,50528,7498,18579,na,na,na,14154,4584,na,na,na,na,na,na,6373,na,na
  1978 Jan,190941,na,44587,39820,5341,17583,na,na,na,15364,6317,na,na,na,na,na,na,6420,na,na
  1978 Feb,171115,na,33819,39983,5584,19563,na,na,na,15288,6077,na,na,na,na,na,na,5051,na,na
  1978 Mar,185946,na,36989,42917,6663,18926,na,na,na,17565,7046,na,na,na,na,na,na,7753,na,na
  1978 Apr,187843,na,39523,44539,7103,17860,na,na,na,16560,5602,na,na,na,na,na,na,8944,na,na
  1978 May,200037,na,40227,45269,8344,18442,na,na,na,19184,6733,na,na,na,na,na,na,9621,na,na
  1978 Jun,185781,na,40144,43729,7793,14653,na,na,na,16266,4908,na,na,na,na,na,na,9180,na,na
  1978 Jul,202644,na,48226,45430,7022,15288,na,na,na,14646,7318,na,na,na,na,na,na,9574,na,na
  1978 Aug,227451,na,48195,49731,6665,20768,na,na,na,20336,9250,na,na,na,na,na,na,10467,na,na
  1978 Sep,208930,na,47395,45206,6906,16595,na,na,na,16737,6009,na,na,na,na,na,na,11438,na,na
  1978 Oct,205506,na,42960,46632,7810,18938,na,na,na,19049,6797,na,na,na,na,na,na,6552,na,na
  1978 Nov,219369,na,43731,50721,9067,22160,na,na,na,20282,8431,na,na,na,na,na,na,6732,na,na
  1978 Dec,218565,na,43721,58928,9491,20588,na,na,na,15689,8504,na,na,na,na,na,na,7464,na,na
  1979 Jan,213232,na,38764,51159,7082,19911,na,na,na,16750,9173,na,na,na,na,na,na,7860,na,na
  1979 Feb,188148,na,35396,38552,7079,19789,na,na,na,17142,9435,na,na,na,na,na,na,6305,na,na
  1979 Mar,208566,na,38149,51512,8275,20109,na,na,na,16888,10872,na,na,na,na,na,na,8271,na,na
  1979 Apr,212036,na,38815,54632,8163,19663,na,na,na,16610,8870,na,na,na,na,na,na,9510,na,na
  1979 May,218180,na,37192,53323,8595,19707,na,na,na,17216,11862,na,na,na,na,na,na,9946,na,na
  1979 Jun,218916,na,40851,55504,8778,19659,na,na,na,16533,10870,na,na,na,na,na,na,10072,na,na
  1979 Jul,235195,na,50214,60614,7509,18769,na,na,na,16353,11111,na,na,na,na,na,na,10174,na,na
  1979 Aug,251071,na,44903,57814,7415,23648,na,na,na,22145,16801,na,na,na,na,na,na,10723,na,na
  1979 Sep,228072,na,39510,52852,6626,18315,na,na,na,18339,12920,na,na,na,na,na,na,12844,na,na
  1979 Oct,236702,na,42532,57456,8669,22042,na,na,na,20499,12272,na,na,na,na,na,na,7307,na,na
  1979 Nov,250583,na,44709,61595,10749,23286,na,na,na,21084,13702,na,na,na,na,na,na,7420,na,na
  1979 Dec,249366,na,44807,70005,12188,22475,na,na,na,17754,10775,na,na,na,na,na,na,7762,na,na
  1980 Jan,244681,na,42342,56783,7847,21591,na,na,na,18924,16048,na,na,na,na,na,na,8684,na,na
  1980 Feb,234846,na,37254,60239,9114,25137,na,na,na,20096,12622,na,na,na,na,na,na,6935,na,na
  1980 Mar,254054,na,42110,64003,9933,23779,na,na,na,20995,14680,na,na,na,na,na,na,9835,na,na
  1980 Apr,246241,na,39546,64295,9554,22196,na,na,na,22271,12124,na,na,na,na,na,na,10315,na,na
  1980 May,257562,na,42199,63765,10272,24644,na,na,na,22875,13197,na,na,na,na,na,na,9277,na,na
  1980 Jun,253752,na,43754,66383,9960,21118,na,na,na,21384,11415,na,na,na,na,na,na,9320,na,na
  1980 Jul,267734,na,56790,63544,8017,20780,na,na,na,20610,11176,na,na,na,na,na,na,9624,na,na
  1980 Aug,301484,na,51191,71883,8695,25485,na,na,na,30468,19609,na,na,na,na,na,na,10025,na,na
  1980 Sep,252745,na,41927,59660,8091,20785,na,na,na,22669,13841,na,na,na,na,na,na,12412,na,na
  1980 Oct,265013,na,47352,62708,9010,24640,na,na,na,23990,11838,na,na,na,na,na,na,7908,na,na
  1980 Nov,281055,na,50774,65241,10588,26614,na,na,na,26579,14193,na,na,na,na,na,na,6443,na,na
  1980 Dec,291865,na,50651,83531,11693,26952,na,na,na,23275,11721,na,na,na,na,na,na,6536,na,na
  1981 Jan,279156,na,49913,61226,7856,24982,na,na,na,24070,16551,na,na,na,na,na,na,8299,na,na
  1981 Feb,268209,na,43561,62653,8914,28180,na,na,na,28142,15285,na,na,na,na,na,na,5730,na,na
  1981 Mar,275807,na,47527,62139,10014,27223,na,na,na,27049,17409,na,na,na,na,na,na,8756,na,na
  1981 Apr,278169,na,45731,66034,11446,24772,na,na,na,28403,14577,na,na,na,na,na,na,9248,na,na
  1981 May,282975,na,46339,65825,11235,25261,na,na,na,26799,17100,na,na,na,na,na,na,8315,na,na
  1981 Jun,294470,na,52389,68994,11523,25489,na,na,na,25971,16072,na,na,na,na,na,na,8451,na,na
  1981 Jul,308379,na,65681,64176,10252,26026,na,na,na,24894,16078,na,na,na,na,na,na,10236,na,na
  1981 Aug,345296,na,57236,74540,11126,29055,na,na,na,33777,27297,na,na,na,na,na,na,11538,na,na
  1981 Sep,293905,na,46901,61072,10119,24191,na,na,na,26474,19243,na,na,na,na,na,na,12857,na,na
  1981 Oct,300799,na,52740,64136,11344,27058,na,na,na,26919,16394,na,na,na,na,na,na,8520,na,na
  1981 Nov,318522,na,55963,72630,12914,28300,na,na,na,28824,21137,na,na,na,na,na,na,7416,na,na
  1981 Dec,332421,na,55463,89433,14971,31632,na,na,na,25049,16709,na,na,na,na,na,na,9102,na,na
  1982 Jan,321696,na,53157,74155,10291,30252,na,na,na,26124,23564,na,na,na,na,na,na,8974,na,na
  1982 Feb,277439,na,43947,60075,9138,25861,na,na,na,26786,20805,na,na,na,na,na,na,6963,na,na
  1982 Mar,303970,na,48226,64897,12122,28422,na,na,na,27712,24424,na,na,na,na,na,na,9501,na,na
  1982 Apr,293002,na,43878,66015,11634,30083,na,na,na,26939,18555,na,na,na,na,na,na,9244,na,na
  1982 May,303051,na,46135,66028,13214,29312,na,na,na,27888,21928,na,na,na,na,na,na,10072,na,na
  1982 Jun,316120,na,53706,68813,12676,28427,na,na,na,26593,20833,na,na,na,na,na,na,11073,na,na
  1982 Jul,332958,na,74557,64451,10890,29437,na,na,na,27030,18250,na,na,na,na,na,na,11268,na,na
  1982 Aug,352457,na,59030,71654,12092,32091,na,na,na,34426,29743,na,na,na,na,na,na,11598,na,na
  1982 Sep,302663,na,50140,60258,10192,26506,na,na,na,26747,21588,na,na,na,na,na,na,11465,na,na
  1982 Oct,313689,na,56397,65987,11153,30315,na,na,na,28913,21499,na,na,na,na,na,na,8112,na,na
  1982 Nov,333171,na,58572,73418,12869,33145,na,na,na,28461,22890,na,na,na,na,na,na,7826,na,na
  1982 Dec,340929,na,51780,88220,14835,38713,na,na,na,26511,17159,na,na,na,na,na,na,9610,na,na
  1983 Jan,301092,na,47049,62785,9471,27293,na,na,na,23635,22689,na,na,na,na,na,na,10744,na,na
  1983 Feb,291979,na,38517,68009,10144,34242,na,na,na,27155,21298,na,na,na,na,na,na,8943,na,na
  1983 Mar,312900,na,42521,68830,10099,32557,na,na,na,26863,26018,na,na,na,na,na,na,12365,na,na
  1983 Apr,302653,na,40669,72706,10248,31215,na,na,na,28664,19703,na,na,na,na,na,na,11507,na,na
  1983 May,316637,na,42543,72058,11137,34009,na,na,na,29060,21968,na,na,na,na,na,na,12452,na,na
  1983 Jun,323149,na,44157,73752,11161,33439,na,na,na,28637,21182,na,na,na,na,na,na,12612,na,na
  1983 Jul,324985,na,54149,70020,9358,33462,na,na,na,25719,20386,na,na,na,na,na,na,13287,na,na
  1983 Aug,347292,na,43848,80404,9404,34163,na,na,na,30852,28878,na,na,na,na,na,na,14276,na,na
  1983 Sep,322576,na,41196,71800,8123,30958,na,na,na,30369,23070,na,na,na,na,na,na,13915,na,na
  1983 Oct,318194,na,47548,69949,8203,32538,na,na,na,29750,21412,na,na,na,na,na,na,9383,na,na
  1983 Nov,331275,na,46931,81146,9999,34072,na,na,na,30401,22057,na,na,na,na,na,na,7971,na,na
  1983 Dec,362872,na,48767,100385,10992,39482,na,na,na,28732,18497,na,na,na,na,na,na,9393,na,na
  1984 Jan,324081,na,43765,76221,8890,30983,na,na,na,24027,23040,na,na,na,na,na,na,9362,na,na
  1984 Feb,313342,na,40262,74917,8347,36492,na,na,na,28156,18406,na,na,na,na,na,na,8305,na,na
  1984 Mar,322451,na,41411,77707,9651,33480,na,na,na,27178,24263,na,na,na,na,na,na,9979,na,na
  1984 Apr,343985,na,42592,83832,9706,36006,na,na,na,32826,21048,na,na,na,na,na,na,12066,na,na
  1984 May,358059,na,44580,83502,9947,37707,na,na,na,34388,24499,na,na,na,na,na,na,12055,na,na
  1984 Jun,348995,na,42687,78669,10142,34791,na,na,na,33500,23967,na,na,na,na,na,na,11626,na,na
  1984 Jul,358759,na,59999,77771,9921,35076,na,na,na,28940,20772,na,na,na,na,na,na,13024,na,na
  1984 Aug,387662,na,46309,83294,10620,37153,na,na,na,38653,30039,na,na,na,na,na,na,13603,na,na
  1984 Sep,354815,na,44774,75558,9340,33572,na,na,na,33692,24270,na,na,na,na,na,na,13114,na,na
  1984 Oct,351392,na,45398,78066,10617,37465,na,na,na,33023,21113,na,na,na,na,na,na,8705,na,na
  1984 Nov,364580,na,44257,86508,10589,40121,na,na,na,34768,23405,na,na,na,na,na,na,9266,na,na
  1984 Dec,392996,na,46234,105431,13653,47960,na,na,na,32869,21176,na,na,na,na,na,na,10162,na,na
  1985 Jan,340840,na,42543,73234,9285,37238,na,na,na,26600,23663,na,na,na,na,na,na,10729,na,na
  1985 Feb,343067,na,38522,81668,8917,42066,na,na,na,29019,23330,na,na,na,na,na,na,8684,na,na
  1985 Mar,374569,na,42054,84108,10523,41999,na,na,na,33995,30043,na,na,na,na,na,na,12808,na,na
  1985 Apr,356582,na,40786,82584,8915,38245,na,na,na,33134,24541,na,na,na,na,na,na,15402,na,na
  1985 May,350887,na,40708,74484,8682,37513,na,na,na,33698,26395,na,na,na,na,na,na,14348,na,na
  1985 Jun,390928,na,47133,86899,8747,42352,na,na,na,39024,28378,na,na,na,na,na,na,14651,na,na
  1985 Jul,364918,na,60293,76439,7996,34040,na,na,na,29411,24009,na,na,na,na,na,na,14818,na,na
  1985 Aug,398953,na,44924,86950,8228,40127,na,na,na,38285,33037,na,na,na,na,na,na,16329,na,na
  1985 Sep,357356,na,43797,72785,7757,30475,na,na,na,33329,26728,na,na,na,na,na,na,15629,na,na
  1985 Oct,352006,na,45089,71006,7939,36021,na,na,na,34407,21318,na,na,na,na,na,na,10090,na,na
  1985 Nov,365469,na,45365,80864,8908,38977,na,na,na,32672,22580,na,na,na,na,na,na,11437,na,na
  1985 Dec,402333,na,49422,100817,12271,47839,na,na,na,31489,21154,na,na,na,na,na,na,11295,na,na
  1986 Jan,359810,168748,44168,71376,7848,35766,na,63298,na,26919,26956,25303,7300,50977,36800,2189,4770,13039,6066,na
  1986 Feb,352936,173559,39669,76620,6290,42049,na,67847,na,29632,26706,22858,5205,47101,30527,2131,3749,9890,4706,na
  1986 Mar,360529,174895,41350,75465,8849,40586,na,70040,na,30094,27813,24508,5539,38826,39760,2970,4619,14307,5544,na
  1986 Apr,346617,161344,37865,70657,8576,36544,na,69177,na,32510,23099,24142,6667,34334,43317,2929,5065,15860,6176,na
  1986 May,347740,161868,39718,67391,9821,35754,na,67085,na,32461,22542,25125,5565,35357,43760,3049,5007,15820,7091,na
  1986 Jun,384605,190122,52098,78507,9645,40185,na,72199,na,34967,23468,26698,5521,39149,40504,3118,3593,14249,8993,na
  1986 Jul,375483,183127,56888,72138,8629,36945,na,64540,na,30988,22520,25260,7012,43210,44187,3280,4233,15794,6392,na
  1986 Aug,411537,181744,46886,78718,9064,39364,na,88558,na,40068,35224,27618,8457,46018,48724,3517,5747,17092,8514,na
  1986 Sep,376641,161364,41661,68053,8582,35535,na,79775,na,38139,26672,26258,4961,53478,42049,2876,4772,16669,6865,na
  1986 Oct,368762,169133,43004,69147,8623,41684,na,71875,na,35743,22581,26960,4044,56030,33531,2692,4017,11738,5610,na
  1986 Nov,387711,182522,46350,73977,9937,44384,na,72364,na,35312,24640,30080,4668,51123,38544,2998,4457,12856,6261,na
  1986 Dec,417321,217652,48813,94475,11873,52466,na,68557,na,35170,21835,30667,4418,51193,35204,2471,3655,13190,7235,na
  1987 Jan,404650,185002,46845,77937,8400,43991,na,72739,1176,31297,29892,31656,6976,58024,40174,2492,4382,15263,7901,na
  1987 Feb,361511,167283,37585,69090,7007,44081,na,73812,1020,35019,27539,25634,4713,50737,32333,1897,3788,11344,5155,na
  1987 Mar,395166,178802,41603,73676,9331,45586,na,83121,1918,37659,32670,28980,4852,44414,45551,2644,4786,16529,7274,na
  1987 Apr,388946,178290,38776,77942,9235,43849,na,78883,3444,36578,25826,27160,5559,42770,47060,2809,5389,17671,6809,na
  1987 May,404460,181489,39807,75110,9431,46925,na,87207,3360,36774,31529,31854,4362,39666,49011,2922,5296,17734,8557,na
  1987 Jun,429645,211122,56403,85541,9620,50036,na,82865,3383,36569,30004,31002,6065,42507,45088,2920,4424,15668,8308,na
  1987 Jul,441798,210498,63080,80145,8554,49626,na,82464,1891,34247,33682,29026,7799,54450,46585,3275,4794,16186,8137,na
  1987 Aug,461302,213750,52562,89173,9390,53498,na,101540,2368,41157,44335,26100,6548,49064,51182,3960,5582,17547,10083,na
  1987 Sep,413059,177367,45676,72101,8693,41778,na,88824,3516,36776,35333,27787,6153,54254,45974,3029,4915,18081,8547,na
  1987 Oct,421329,188233,49312,72455,9119,49747,na,86534,3783,38595,30687,27964,4847,62359,40873,3115,5248,13612,7129,na
  1987 Nov,434099,205616,54496,78358,10507,53526,na,85631,2835,36093,33071,30585,4445,55080,41903,3140,5539,13315,7791,na
  1987 Dec,471636,249704,59275,99887,12660,66313,na,76112,2335,33825,28194,33089,4364,57270,38248,2858,3783,12636,9031,na
  1988 Jan,431635,191017,50082,72571,9418,47855,na,77227,1631,29815,35475,30856,6346,66065,46888,2485,5713,16733,9462,na
  1988 Feb,432329,203679,50801,82868,9326,52314,na,81818,2541,32463,33317,27912,5770,58861,43648,2684,4704,15195,7621,na
  1988 Mar,464304,208622,51858,82354,10933,52639,na,97369,2566,37382,42189,30160,5221,56331,54851,2930,6096,19744,8691,na
  1988 Apr,446776,199568,47342,80605,10636,50864,na,92515,3617,35943,37112,27762,5258,50663,59088,3599,6307,20538,8493,na
  1988 May,450760,205201,51489,78701,10585,53081,na,94580,3992,34921,39356,28898,5121,48215,56327,3000,5744,20674,9253,na
  1988 Jun,468964,220527,57562,88872,11135,53213,na,92540,3752,34457,40265,29342,5427,50190,57712,2714,5867,21516,10132,na
  1988 Jul,495765,230217,72123,86804,9352,51955,na,91960,2158,33246,41799,29489,8598,64515,57461,2613,5859,21497,10330,na
  1988 Aug,512148,231126,58036,92774,9859,59270,na,107704,2414,40928,47272,26713,7019,58092,65949,4288,7370,24189,11621,na
  1988 Sep,477259,204196,52278,82763,10209,50128,na,103303,4009,37823,44898,25303,6227,62314,61277,3221,6710,24141,10885,na
  1988 Oct,480302,215196,56018,84512,10574,55670,na,98003,3600,37449,41269,26655,4678,71399,52075,3302,6480,18396,8950,na
  1988 Nov,516054,245388,64879,92679,12018,66442,na,100153,2933,37681,43385,29505,4336,67984,54987,4460,7038,17667,9846,na
  1988 Dec,543700,280738,71327,112578,14140,71026,na,92946,2578,35869,39559,32496,4714,68678,49605,3145,6231,17251,10177,na
  1989 Jan,506179,224040,59069,87205,10932,56782,na,95370,1989,32727,46817,31556,6279,75320,57857,3320,7493,20061,11558,na
  1989 Feb,488700,230209,57909,90309,11657,60396,na,97426,2387,34222,42342,26141,5640,67255,50179,2724,6459,16418,8469,na
  1989 Mar,538332,245874,61201,94117,12231,68023,na,112092,3022,38936,52625,29881,5615,61731,69315,3963,9260,23362,10316,na
  1989 Apr,505403,221095,53007,87401,12048,57298,na,105410,3807,35512,45218,27663,5189,58838,70814,3910,9557,23776,11448,na
  1989 May,516145,241862,64222,91169,12745,63142,na,105686,4379,34433,48347,28992,5648,51258,64931,3481,7213,21338,12864,na
  1989 Jun,524275,243904,66045,96664,12044,60462,na,106500,2195,32360,54604,29789,7048,56999,63072,3269,6439,20765,13177,na
  1989 Jul,556509,264523,83888,97821,11949,61072,na,107576,1909,33732,55497,28226,7310,72526,60235,3266,6211,20412,11869,na
  1989 Aug,568050,248270,66943,98926,11103,61336,na,134568,2544,41944,69521,26249,6832,62506,71081,4019,8405,23126,13630,na
  1989 Sep,545623,235489,62871,94742,11145,57829,na,127852,4128,38803,66380,25852,6383,71008,62283,3105,7678,20876,11611,na
  1989 Oct,546460,248446,68747,94704,12148,64376,na,117214,3658,38546,56435,29943,4830,78256,53838,2973,6837,17432,9835,na
  1989 Nov,582149,277111,73910,111772,13385,68797,na,117530,2856,39806,55283,33305,4703,77288,56715,3633,6958,18837,10702,na
  1989 Dec,604453,299285,77501,116850,12542,79642,na,116702,2790,40676,55295,35184,4754,75823,56090,3237,6328,20052,11036,na
  1990 Jan,594792,270262,73876,105246,10126,70984,na,121443,2461,36975,64757,33947,6261,84096,62007,3374,7888,21578,12035,na
  1990 Feb,541693,240988,60752,94480,10786,64301,na,125996,2366,43593,59824,27355,5438,74573,54461,3011,7005,18439,9056,na
  1990 Mar,598589,271204,68786,108916,12935,70592,na,138786,3341,44267,69697,32191,6303,63640,70603,3763,9091,24755,11456,na
  1990 Apr,568366,254934,60246,98519,12491,72717,na,125697,4602,43399,57619,29129,5066,66549,70528,3796,9248,24388,12276,na
  1990 May,581977,272569,75223,109257,12102,66712,na,128042,4206,41685,59465,30900,6343,54050,71724,3655,9044,25613,13711,na
  1990 Jun,595200,275921,74686,113595,11663,67462,na,133667,3824,43964,67652,32562,7699,58436,68075,3410,8467,23556,14792,na
  1990 Jul,594662,278726,91772,106622,10329,60650,na,126275,2713,40960,63707,30575,5556,72289,65678,3221,8431,23603,11953,na
  1990 Aug,635086,282557,77877,114409,10255,69666,na,158850,3285,52886,78619,29028,4952,65750,74367,3590,10166,26434,14988,na
  1990 Sep,578910,249565,67630,104379,9620,58797,na,139877,4913,43185,71382,29582,3249,70891,68721,3460,9996,24608,12234,na
  1990 Oct,589980,267359,74361,105055,9610,69085,na,136688,5051,46581,63688,30150,2208,81819,57283,3234,8798,18739,10513,na
  1990 Nov,621951,301184,81788,125900,11593,72900,na,135189,4680,46044,62786,32982,2333,73840,59211,3373,8292,20687,12721,na
  1990 Dec,665141,336301,86334,134673,14789,87375,na,132278,3992,47599,58565,39264,3255,77520,57090,3498,6512,21714,14268,na
  1991 Jan,575826,254115,72291,101693,9466,60141,na,127746,2331,37148,67389,31400,1880,81180,61003,2593,8133,23503,14309,na
  1991 Feb,506446,245062,63888,108693,11340,51272,na,106270,3839,37898,36725,26312,3799,67048,45588,2449,6189,16555,9683,na
  1991 Mar,555604,265123,69312,115803,12803,55917,na,114473,3817,42398,45192,30503,4356,60537,63504,3383,8726,25572,13519,na
  1991 Apr,572893,270791,74258,107069,12226,65699,na,131205,5370,45062,50174,27051,4716,57063,65626,3394,8703,25922,12735,na
  1991 May,570969,269872,73246,111649,13503,62469,na,133268,6038,40906,60557,30497,5753,49516,65354,3698,8691,24874,12519,na
  1991 Jun,671534,327010,95561,138467,11138,70901,na,156589,6167,51467,71503,31404,8796,61440,66496,3842,8953,23447,14832,na
  1991 Jul,636840,310754,104216,122122,11778,60964,na,141917,3298,42178,67020,30839,6944,66517,62459,3277,7404,22945,13004,na
  1991 Aug,690212,312462,89449,132241,10450,68491,na,182895,3240,55352,84323,29200,9230,59207,75926,3771,11079,26336,15436,na
  1991 Sep,640814,286935,82896,120793,10794,61700,na,162930,6184,46983,81301,28028,9452,68112,67731,3577,9509,25693,12928,na
  1991 Oct,638645,290327,84506,117661,11396,66836,na,155301,6449,46007,71594,30838,7522,79582,60380,3375,9980,20364,9871,na
  1991 Nov,691891,336635,92684,145483,13802,73037,na,156750,5588,49215,71840,34821,6821,76883,64373,3766,10359,22481,10680,na
  1991 Dec,728274,365517,103776,149646,16343,80739,na,160142,5017,54051,70841,39027,6664,81967,56611,3560,6584,21588,12966,na
  1992 Jan,661555,298106,88875,119440,11025,64301,na,156117,3495,42930,79741,34343,7418,78904,65793,3949,9314,24164,15474,na
  1992 Feb,677454,311446,87170,129405,12316,70245,na,176123,4515,53845,77081,30546,7498,78848,56290,3789,8427,18838,11863,na
  1992 Mar,661903,296828,78987,121256,14821,66446,na,175020,5714,48077,86084,32106,6913,62005,71758,4591,10347,25434,13101,na
  1992 Apr,670441,317728,91226,124865,13093,74489,na,161362,7187,52367,62158,29876,7249,60801,72684,4475,10284,27501,14967,na
  1992 May,637599,290183,80616,120364,13723,61374,na,152527,7107,49303,62625,33160,11147,53120,75047,4597,10044,28015,16853,na
  1992 Jun,708571,330670,94964,143018,14113,64105,na,178852,7464,57523,77657,36666,7471,60016,71811,4843,9454,24454,18099,na
  1992 Jul,724192,341506,119818,129223,13197,63294,na,167705,4543,47743,71829,37435,6847,73921,73406,4390,9737,27539,17248,na
  1992 Aug,755605,335711,98373,136273,13137,71874,na,203806,6041,61007,85969,35742,9541,64243,78348,5306,12016,27740,21315,na
  1992 Sep,700838,303373,88833,122331,13327,64757,na,184918,10301,56455,81387,32677,9558,73370,74173,5361,11909,28123,16560,na
  1992 Oct,687546,311501,91775,116231,14334,74033,na,156852,8762,52403,62475,36837,8492,87853,65421,4399,11376,22024,13687,na
  1992 Nov,745416,352648,98743,141371,16610,79936,na,168252,7893,58270,67148,39694,8622,89521,64590,4123,12822,22005,15076,na
  1992 Dec,801101,390506,106596,150494,19748,93334,na,178747,7548,62956,71336,41114,7745,94222,63881,4484,10291,23100,17179,na
  1993 Jan,777957,364911,107604,141488,14254,80553,na,175918,7143,53336,76053,35412,8266,94634,71131,3973,12681,25783,19883,na
  1993 Feb,668745,293052,79138,112995,13966,71467,na,176103,6455,52211,73606,31403,7260,79624,59158,3206,11452,19911,16195,na
  1993 Mar,757973,346936,94907,131854,16175,86310,na,193694,12696,67990,77743,33211,6892,77452,75587,4836,13765,27318,17868,na
  1993 Apr,738391,341796,92680,127827,16642,88831,na,170736,14259,63082,58061,35307,9800,68296,86339,5375,14562,33241,17789,na
  1993 May,741742,340378,91982,126074,17529,88984,na,179221,15655,61666,66366,35441,10528,65348,83484,5186,13663,29384,19892,na
  1993 Jun,788317,371940,102676,148959,17056,86722,na,193239,18520,63593,74874,37967,7143,71385,76112,5193,11136,26856,22536,na
  1993 Jul,799070,374087,126287,136643,14580,78021,na,188267,10454,60912,72151,39015,7209,83626,79419,6123,10800,28400,18773,na
  1993 Aug,856647,380252,110139,149085,14878,87549,na,234374,11683,76998,90668,37383,11695,70095,90906,6449,14601,30868,24039,na
  1993 Sep,759440,328608,94335,130788,14007,70764,na,190003,16280,58465,81389,36383,10704,82063,84598,6446,12872,31730,18404,na
  1993 Oct,774343,343336,96882,127057,16072,84335,na,183970,17906,59071,67609,39540,8571,98838,75169,4984,13458,24386,15663,na
  1993 Nov,819798,384422,104414,158117,17327,83981,na,183528,14496,57816,70939,46151,9452,95471,75145,6039,14412,24089,17327,na
  1993 Dec,892547,433746,117372,164922,23418,103340,na,196907,14690,64657,76830,51288,8592,102912,68360,5160,11277,22773,22560,na
  1994 Jan,780159,347627,109122,124444,15148,75311,9217,175595,8373,52764,76463,40640,10271,96492,75849,5249,13237,25956,23860,na
  1994 Feb,781089,351658,93812,143324,15756,77707,7600,198009,13845,59029,72215,37582,8969,95571,65221,5287,11737,20229,16860,na
  1994 Mar,861838,389645,117514,142618,19485,87747,7634,219543,16819,64320,92667,39471,9381,87644,87770,6731,16813,28730,20801,na
  1994 Apr,791887,348542,93154,132020,19678,83822,8071,195182,16792,61343,64369,38661,11026,75758,93413,7033,16785,32730,20127,na
  1994 May,773453,350354,100053,126569,19558,83028,7974,192523,20258,54100,76392,38792,11746,68946,83145,5200,14625,29903,21236,na
  1994 Jun,820524,376900,108949,149774,18490,78913,7808,201980,21868,60976,75307,38974,7158,80197,84244,6320,12143,30793,24184,na
  1994 Jul,882883,415709,145641,145826,17971,82526,9071,203922,11325,59976,75754,41593,7873,94935,89492,6396,12527,33587,21078,na
  1994 Aug,914258,390470,119863,145819,16223,87891,7330,259602,13091,77691,99138,39735,11596,76700,100089,6792,15273,36140,26816,na
  1994 Sep,829102,344717,103274,130637,16466,72557,7308,222639,21629,58517,93888,39699,9790,90275,94555,6658,14905,37081,19765,na
  1994 Oct,829619,361327,108202,127714,18193,85927,8378,203940,20569,59257,77494,39964,8241,106895,83318,5754,15226,28564,16065,na
  1994 Nov,869041,398431,113431,153140,19653,88686,8600,207840,17929,63177,80425,44893,9027,102909,79616,6350,15217,25251,17141,na
  1994 Dec,934684,446608,122575,162247,27233,106670,10062,214034,18113,69747,78416,50572,9818,105509,75371,6008,12174,26183,22621,na
  1995 Jan,893191,405736,127085,144014,18489,88456,13125,208238,15091,54197,89810,46467,10230,106429,81576,6310,13816,28751,23217,na
  1995 Feb,790132,332020,88232,126449,16126,79045,8486,224551,14970,69505,71011,39517,7205,98297,62871,4272,11512,21249,17425,na
  1995 Mar,886766,409347,125757,148603,19071,92693,8769,228459,18928,64816,96088,41564,8729,83782,86278,6272,15726,29049,19835,na
  1995 Apr,825001,364810,104264,133667,14744,90042,8420,207951,20012,65395,68451,42507,10454,78480,92869,6585,17124,34467,17631,na
  1995 May,846846,382336,112878,144264,15991,86850,8545,212948,23891,57650,80080,44323,9890,76830,90669,6784,16039,31702,21321,na
  1995 Jun,877438,400453,115117,159415,16470,84033,9803,223605,22931,61699,87099,43997,6876,83647,88806,6651,14205,32002,22297,na
  1995 Jul,939947,424298,152287,151001,16545,77724,10898,239647,15709,65203,91735,46272,8016,97996,92633,6659,14404,34372,21793,na
  1995 Aug,982254,405927,127927,153731,15748,83030,9521,296061,19642,83745,115682,45067,12508,87597,100935,6607,17685,36357,25255,na
  1995 Sep,896937,378834,115026,147035,17529,74218,8916,237393,24758,62803,98624,45709,10454,95930,98708,6634,17710,37167,20616,na
  1995 Oct,903808,402224,123780,142897,18437,90305,10099,223259,-,63440,82892,46710,7414,109038,86168,6282,17852,28596,18603,na
  1995 Nov,962035,435494,130826,162083,19813,94520,10271,239464,23898,70443,93785,53507,10991,104832,85282,5316,18119,27891,22002,na
  1995 Dec,1019102,483232,143396,166749,25662,112350,11818,237252,22307,78265,83927,56865,10446,112495,80898,4904,14849,29903,26133,na
  1996 Jan,881864,376828,119299,123978,17657,85566,11599,222586,12817,59711,95758,48711,9234,101230,84904,5273,16442,29743,26993,na
  1996 Feb,914826,404262,124976,139794,17872,89983,13049,242302,23793,71071,82296,45642,7877,106339,76292,5168,14760,27281,21717,na
  1996 Mar,955028,428890,127768,149197,24042,97696,10672,251432,19962,74119,105255,45258,8460,88312,95895,6246,19847,33291,27567,na
  1996 Apr,934467,411242,120521,141018,23776,97512,10123,234700,23827,73103,79777,45789,13842,87301,106666,8035,21509,37929,24675,na
  1996 May,916754,409472,126611,138768,25848,89252,10489,235872,28156,68210,79887,46018,8220,76901,104370,7848,19466,37889,26995,na
  1996 Jun,966837,436093,138360,156315,23490,88855,10480,247637,28317,72815,88986,50035,7397,87724,99924,7362,17285,35819,29089,na
  1996 Jul,973026,441349,162969,143353,20629,82441,12115,238444,16706,70743,90014,49739,7779,101119,98702,7123,17701,36588,26633,na
  1996 Aug,1012813,421665,133355,148741,20825,89967,9844,294585,20362,93638,108711,49420,13657,87165,106503,7115,21127,38847,28879,na
  1996 Sep,897118,379986,126164,132532,20666,73779,9221,233792,25336,63847,97323,45528,10417,90114,103574,7396,20022,38076,23054,na
  1996 Oct,950785,416759,134686,139279,22545,91703,9856,235889,28210,70066,83421,51466,7282,114319,92495,6514,18673,31142,20042,na
  1996 Nov,1032240,465079,147895,152763,25974,105082,11353,258732,25997,77989,96370,60894,10664,108398,92302,7219,18674,30221,25055,na
  1996 Dec,1106650,521562,155148,177612,34315,115759,13234,264117,25777,85770,92984,63278,12928,115163,89722,7144,15015,32643,27516,na
  1997 Jan,954637,411269,132202,134039,22242,89363,14108,235841,19343,59857,102630,53878,9627,108534,94816,7470,18615,33010,29356,na
  1997 Feb,981281,439692,143286,145261,23580,95465,11344,257377,27239,75208,91130,49698,6971,108829,84090,6694,15307,29853,24666,na
  1997 Mar,1035933,458461,141123,152131,30450,103314,11411,272192,25061,75270,112562,54843,8372,93887,110039,8932,20171,38944,26786,na
  1997 Apr,958872,415551,126861,138363,27448,94185,9687,245821,28922,74085,81882,50145,13771,83653,114803,9870,22718,43157,24886,na
  1997 May,946377,408616,119611,141703,29687,89339,9727,240038,32001,64827,78182,56016,7818,81696,114267,9988,21131,40834,28169,na
  1997 Jun,1045290,466583,152155,162650,27881,91622,12269,256782,34370,63031,89274,58639,8681,96569,115913,10122,18186,41020,32496,na
  1997 Jul,1029710,467953,183532,148576,26161,80663,11335,239257,21981,50519,95976,57069,8524,109846,108608,10291,18072,39464,28004,na
  1997 Aug,1021266,416961,145636,144200,24093,77642,9443,279394,24953,71582,110606,58327,11588,92812,121725,11485,21270,42593,30573,na
  1997 Sep,972054,399922,136848,139494,22756,74622,8994,249046,37273,56688,100667,56131,10950,104359,115152,9644,21157,42740,26026,na
  1997 Oct,909278,372318,123903,121070,24010,76476,10559,212463,30512,57345,77458,61826,8869,124532,95772,8690,18795,31214,22253,na
  1997 Nov,965003,410479,130915,134074,26564,89924,10630,232410,30303,61539,83823,69220,11178,112738,92539,8719,17726,31971,26151,na
  1997 Dec,1063558,485157,141513,159198,33921,116354,12408,241806,29721,71600,78676,70724,13443,122485,91349,9115,15930,31937,27513,na
  1998 Jan,940633,374759,111423,125725,22581,83941,14085,226370,29637,54106,88855,65839,10106,119059,102308,9677,19343,35761,29284,na
  1998 Feb,800833,313231,84221,111371,20402,72773,8927,204718,20617,59743,66920,51782,7528,110615,82177,7351,15932,28847,22993,na
  1998 Mar,900217,358161,87112,127373,27923,89176,9799,222199,28612,62309,86002,58452,13316,99456,113636,10748,23531,41521,25145,na
  1998 Apr,908228,365262,97340,125248,25982,91252,9271,217801,31640,72725,62800,57145,11265,102775,119767,10579,24632,46475,23858,na
  1998 May,917695,377516,102241,134934,28912,86085,9753,223582,31719,68232,70242,59611,8296,89373,120160,11059,25874,46126,30026,na
  1998 Jun,950539,390775,89845,141185,29111,102707,11157,238137,32428,71219,79029,60492,11664,104775,108461,9064,21601,39873,28030,na
  1998 Jul,926897,359830,104430,119269,27820,83295,11344,225656,21504,65604,85529,62207,10458,123179,109184,9908,20337,40657,25287,na
  1998 Aug,986561,361274,107434,117628,25363,85748,10056,274494,26644,82256,101463,63855,15616,103966,128502,12026,26792,44147,27498,na
  1998 Sep,897489,333762,98500,111979,23503,77210,8961,220886,31572,54006,89362,60330,13646,115455,119162,10243,24688,43734,22850,na
  1998 Oct,945538,361765,110385,105699,23802,97447,10343,223417,36882,67732,67794,69892,11166,139763,105487,9539,23362,34724,21461,na
  1998 Nov,977757,369728,107600,105457,25814,102195,12044,247334,32880,75506,79536,76383,13051,127829,107789,11833,23228,34659,23873,na
  1998 Dec,1078606,431289,106885,130957,34709,123430,13867,267502,36061,90516,79637,78548,15816,139540,104665,11380,20570,36736,27940,na
  1999 Jan,958437,366806,127019,98298,23867,89203,12473,214569,23063,59749,85086,65627,11788,137564,117357,12682,22673,41992,31352,na
  1999 Feb,931078,355671,94820,116542,24422,89912,14490,240718,36874,71740,73695,60166,9056,132328,99533,10890,20930,33860,22905,na
  1999 Mar,1020011,393178,113902,117606,31373,102739,12057,249820,32533,67346,98259,64307,14834,124419,133148,15251,27675,48443,28837,na
  1999 Apr,935699,357233,101434,107229,30103,92926,10409,223731,37709,67143,67193,60660,10572,110782,134333,13220,27112,52757,25787,na
  1999 May,957522,363993,91597,117351,33361,94354,11804,245638,46075,66741,75763,65686,9739,103730,126865,12850,26303,47630,30922,na
  1999 Jun,1049689,432244,124362,137608,30831,109228,13650,257035,43587,69457,81199,68980,14040,117306,119854,12058,24723,43737,29322,na
  1999 Jul,1036337,407420,130756,123070,27940,94599,14742,244684,28356,70146,83492,67591,12632,143943,119688,11586,25227,44215,27716,na
  1999 Aug,1067895,395721,125246,120833,26674,94427,11767,288965,33745,81929,107519,68371,17826,117564,135009,13626,26103,52576,30436,na
  1999 Sep,1008397,377347,116988,121490,26762,88539,9922,251233,42241,60978,95655,65202,13661,131292,132390,13033,27203,52032,24910,na
  1999 Oct,1040286,393892,108801,124468,28680,106065,10769,243953,41527,68153,81512,75889,11645,156961,120149,12545,25382,44972,23465,na
  1999 Nov,1116539,434361,126135,128704,31319,117891,12644,271120,40781,80460,86491,83226,13526,157756,117124,11737,24066,44861,26747,na
  1999 Dec,1091386,438337,117331,137521,36408,117011,12618,271845,36541,80827,84171,80964,11920,139152,106426,10831,20631,42087,29141,na
  2000 Jan,1025209,410632,138476,119796,26012,93706,16001,228580,32425,59262,81335,74515,11247,139244,118255,11098,23172,46677,29012,na
  2000 Feb,1036844,390682,103555,126123,27399,103202,13728,268347,41438,72653,84197,70400,10146,148098,110326,11200,21929,40712,26683,na
  2000 Mar,1107395,431334,122938,133763,36073,109787,13821,277632,37857,72028,102772,72254,15344,125845,138999,13920,26843,53409,33447,na
  2000 Apr,1111754,428371,122270,130001,35706,110949,13306,276603,51554,78949,76153,74133,10928,138205,137798,13304,25994,53178,31404,na
  2000 May,1079456,415129,114887,131046,36223,103173,13379,276764,51967,78458,77946,75213,11345,114087,139783,13964,26866,53430,33509,na
  2000 Jun,1117007,444776,127515,144190,31490,109114,16000,273292,44901,79298,82434,79979,14692,126626,132654,13383,24309,49261,33240,na
  2000 Jul,1151979,439180,148364,133453,29850,95897,15005,273824,33053,79366,91056,76434,12406,164431,139439,11873,25670,57069,32339,na
  2000 Aug,1162433,408229,124900,130507,28301,95766,12226,329249,45382,97926,108413,74146,19363,136319,148893,13067,28764,60700,32601,na
  2000 Sep,1119842,409103,124164,133081,27437,97160,11490,283759,52333,74277,99438,75674,12547,148813,147940,12409,28576,60006,29175,na
  2000 Oct,1128522,409200,125366,126511,29311,100087,11808,277924,55230,77626,85575,82797,11429,176810,129325,10755,25077,48898,26816,na
  2000 Nov,1169795,440661,128657,132435,30280,117360,13747,288166,52636,82579,89348,88724,13481,165206,129048,11848,25182,52629,30583,na
  2000 Dec,1208339,449540,112382,137916,37819,125506,16371,299980,55686,91392,84459,92860,11538,180939,126189,11559,22220,53100,33753,na
  2001 Jan,1150647,435141,138228,133197,23816,103163,17779,266757,49965,72621,87762,79443,11979,172518,138172,12127,24638,62226,32082,na
  2001 Feb,994565,367303,104089,111439,24960,97296,13505,241931,37519,67682,81645,70770,15247,151025,110594,10837,22366,45167,26987,na
  2001 Mar,1159572,447484,128734,135528,33597,117647,14746,290584,49219,85926,100067,73409,12097,144712,146834,14368,30336,60386,32063,na
  2001 Apr,1092985,421196,117171,125653,34354,110359,13717,262520,54412,73630,74675,71781,11945,141487,143823,15227,27375,59099,26639,na
  2001 May,1100331,427512,120242,134339,32616,110447,13366,277612,60309,82755,73940,74087,14115,126804,139414,14991,28418,53931,28890,na
  2001 Jun,1128957,458212,126737,146864,30368,119146,16145,267572,51943,78531,78888,76695,13802,141123,130524,14459,26527,47931,29541,na
  2001 Jul,1165466,458123,151178,134083,29156,108280,16571,261759,39914,77060,83608,73935,13952,175675,139977,13928,29051,54706,30054,na
  2001 Aug,1177845,437811,135290,130799,27432,110526,14783,312733,53547,89299,103453,70356,20593,143229,148279,16322,33099,53787,32008,na
  2001 Sep,1069052,404308,128237,127501,24927,93874,13306,254832,60941,63234,84971,63414,13530,157079,141972,13808,29525,54323,22121,na
  2001 Oct,989953,374073,118498,105945,23833,97734,12711,226320,58031,69011,52127,63015,10517,177535,112913,11168,26584,42859,14727,na
  2001 Nov,1010378,395814,118400,106333,27533,111698,14013,236875,58964,73769,49726,74380,12250,151229,112622,12286,26585,43987,16691,na
  2001 Dec,1168811,474525,138242,122046,37387,138991,16594,277388,62533,91726,60580,82469,11491,175657,112752,11912,24005,44801,23060,na
  2002 Jan,1049667,392519,129049,103096,26456,101378,15547,225711,41586,62157,69014,65058,15386,170946,137661,14407,29614,56916,28806,na
  2002 Feb,1049097,387153,105435,110358,25484,112822,15601,268641,63658,76544,68188,65468,17004,164191,115731,13607,22964,45016,20743,na
  2002 Mar,1184705,460227,136548,122929,37116,128349,17125,288632,60387,75982,93667,70288,12620,158401,152988,18545,29493,61421,29083,na
  2002 Apr,1101439,415660,121353,108629,34911,116579,15364,275306,70483,78080,68052,64836,13526,139779,154300,14326,34610,57178,26896,na
  2002 May,1155074,446068,133677,121460,36436,121283,16188,290838,78127,83802,70061,76447,14716,134832,149662,15874,31917,51960,31190,na
  2002 Jun,1127989,449530,139659,123224,32401,119242,17422,264558,65270,75944,70941,74978,14237,144769,136661,11953,27260,50896,32158,na
  2002 Jul,1158854,448157,162906,112775,28465,108200,18256,263964,47676,78166,77525,69187,13357,178989,142763,14447,29436,51795,30528,na
  2002 Aug,1182849,422727,140088,111229,26010,110283,15768,320906,64526,86343,101214,70541,17996,150284,152384,15619,32912,54230,36042,na
  2002 Sep,1097050,396557,132993,107422,24893,100847,14654,275623,71572,63616,90928,63993,16468,157608,149489,15753,32803,52506,25617,na
  2002 Oct,1134406,412868,121097,110551,26228,119313,16610,285516,78077,75366,76280,72967,15542,187647,127181,13221,27990,44101,20559,na
  2002 Nov,1139261,414313,110725,109094,28719,127045,18738,298206,83694,80233,75507,85084,14183,171217,121787,15000,27116,43090,23197,na
  2002 Dec,1266703,493981,140885,128729,38486,143416,20725,319742,81675,95013,76127,91784,10715,184096,123044,14635,24838,45366,29645,na
  2003 Jan,1165792,435160,142530,113764,25965,111407,21741,251118,58721,61991,77337,76917,14670,189085,148480,16767,32355,55088,35713,na
  2003 Feb,1051667,377792,105379,95178,25035,116179,17772,268510,70740,77233,63157,66979,13977,172557,116545,13422,24068,43904,25333,na
  2003 Mar,1062293,408018,123938,103482,31535,115514,16184,247850,63910,56702,79337,65890,9157,147730,145020,17100,32391,52831,27608,na
  2003 Apr,539731,172831,59704,39117,18499,40940,5932,80574,20402,14631,29875,43542,7528,103108,111608,11320,23692,47163,13257,na
  2003 May,460853,168055,61171,37034,16043,41239,5786,50354,10121,10720,20040,41291,5407,82264,97962,8806,22382,41654,11094,na
  2003 Jun,706953,296131,103033,68051,22359,81629,9924,102108,18969,28594,34054,57220,7041,115441,104863,12254,20150,41531,18721,na
  2003 Jul,984493,396714,142556,90904,26727,108679,15297,192722,39396,61390,47460,65400,7902,166571,123066,13415,22872,50197,22684,na
  2003 Aug,1056101,391159,119922,94590,27810,118172,15096,258729,59001,76361,65787,67657,10690,144221,145736,16093,29746,56288,27375,na
  2003 Sep,1050899,379658,119789,95473,26068,107790,14644,258576,69543,63430,73751,68495,12133,159378,137794,16985,29522,53256,22879,na
  2003 Oct,1078120,395661,122437,95056,27908,118250,16417,260110,77224,66706,61950,78207,13139,184259,116480,13522,26087,43995,18286,na
  2003 Nov,1154419,431397,133079,90778,31015,137943,19960,286938,84373,76319,65283,93699,11695,173369,123769,15237,26841,49206,22145,na
  2003 Dec,1243790,494195,148859,110799,38903,147863,24639,291962,78639,81149,68356,96903,11720,186050,123139,16037,25746,47970,27666,na
  2004 Jan,1179304,437201,148655,96899,27396,122306,23616,260185,72149,67541,68463,85286,16706,193097,141399,17694,29799,57960,32947,na
  2004 Feb,1019034,360383,115948,83781,27135,100988,16495,233228,60805,59850,62376,74995,13098,178311,120821,14698,25811,49708,28667,na
  2004 Mar,1119126,419269,128714,98087,37221,120144,19174,269817,71210,66711,79194,74064,13581,154448,146626,17945,30637,60207,30359,na
  2004 Apr,1109709,414327,122458,94256,35558,127523,17484,271522,87823,71534,60491,73774,14627,152900,142693,18263,29489,58051,28415,na
  2004 May,1144279,437009,131485,101597,36480,133150,19854,290381,90602,76970,65971,88145,16792,131770,138800,17529,28894,53477,31409,na
  2004 Jun,1200630,476166,146589,106353,34501,146501,24644,293371,87236,84905,65772,92786,16620,147021,131844,17005,26931,50207,33362,na
  2004 Jul,1244083,472338,167861,99349,31122,132336,26480,292860,79891,80947,74749,84056,14933,195551,137503,16705,27461,54211,35118,na
  2004 Aug,1221072,426871,140574,94952,27698,124884,22753,342706,98227,92771,87759,78073,21204,152393,151119,19265,31603,55962,37826,na
  2004 Sep,1139069,410624,136098,89734,27440,124535,19052,289580,89949,69055,80769,73828,20443,164079,141740,18930,30271,51650,27461,na
  2004 Oct,1206514,432526,135670,89488,29122,140503,21615,312511,104610,82260,72014,90257,18002,194733,121966,15270,27394,44026,25153,na
  2004 Nov,1321682,498708,156117,99164,33101,165372,26028,353700,124867,92565,72703,105937,14829,183223,125011,15389,27463,46555,28811,na
  2004 Dec,1365173,528660,146228,108169,43213,177379,30685,347315,107933,102707,71013,103297,15347,191028,129124,16416,26311,49172,36836,na
  2005 Jan,1187251,423446,152032,84157,29630,112769,27001,256050,69361,72951,65980,81662,17148,212341,144974,18126,30264,58736,38766,na
  2005 Feb,1094858,386460,119151,85715,28083,112459,24473,280503,89110,77594,58621,71595,15059,188539,113388,13642,22724,46035,29335,na
  2005 Mar,1251076,476023,150659,100203,38603,144148,25034,317077,90936,92491,74082,79086,15166,167877,148953,17554,30937,60754,35269,na
  2005 Apr,1218461,452420,134066,93319,38607,142084,26699,314922,102729,87249,60143,82251,17780,152631,154418,18221,32352,61149,32227,na
  2005 May,1254142,468632,139204,100532,44535,141944,27561,340943,112108,95262,65992,96282,18964,137298,147959,17596,30463,56552,33212,na
  2005 Jun,1308583,504461,154324,110967,40137,150888,30193,331835,111016,90190,64332,102567,18352,163195,140754,16425,27813,51980,36738,na
  2005 Jul,1361777,512368,179013,101499,34714,145956,34429,332494,92361,98100,70970,94902,16225,210901,146254,17635,28464,56079,35708,na
  2005 Aug,1319753,467411,150006,98332,34291,138243,30219,373390,110179,105327,80602,86805,20539,162562,159144,19698,34229,56386,39123,na
  2005 Sep,1247006,460220,151405,94404,34634,138386,25690,317185,104535,80079,74134,86436,21309,173697,146107,18331,32132,53523,29684,na
  2005 Oct,1330026,460830,130456,90085,39164,155430,28476,362019,121523,95098,72483,110132,22367,207365,127809,15835,28631,45775,27699,na
  2005 Nov,1337826,501610,153253,101267,43988,152865,29583,368220,121137,101637,70144,110276,16919,175505,125162,16044,28244,45641,28131,na
  2005 Dec,1445536,535097,141575,107988,54979,170777,34606,383784,110238,110079,78164,122074,21340,201386,132181,17586,26491,49877,35933,na
  2006 Jan,1340581,488889,157044,97409,37576,141360,33466,300601,89436,75022,70063,109891,21188,224066,144607,18394,30464,55416,37830,na
  2006 Feb,1195684,411753,114346,85638,34060,131718,27500,316356,102551,84501,57548,92852,18653,196977,120370,14983,25400,46693,29951,na
  2006 Mar,1357895,501840,140917,102668,48260,154038,34014,355296,108154,91928,84347,104617,22182,171343,156769,18691,33669,60507,34461,na
  2006 Apr,1356139,500457,150035,97515,49729,148036,32473,349251,118872,90429,66584,107432,24197,172447,156666,19053,31023,62855,32902,na
  2006 May,1354092,502450,147069,100500,54169,149062,32121,365771,129307,94614,65970,117081,22339,145947,156314,19481,30493,58926,33435,na
  2006 Jun,1398481,531535,156705,109878,47978,159579,35392,358032,115676,99437,68205,119405,21395,163704,158036,18576,30126,61086,36221,na
  2006 Jul,1437317,535044,179709,99355,43386,153373,38103,359448,114676,96078,70644,108256,20384,219595,144712,17952,25764,57089,36544,na
  2006 Aug,1413682,503649,156146,101869,41842,148471,35182,396443,128258,104053,80905,101187,26699,172424,161066,20023,30396,59356,40135,na
  2006 Sep,1307632,469704,144789,94645,41506,136807,32824,332203,112862,79538,73887,101233,24188,182645,156072,18955,30417,56867,29702,na
  2006 Oct,1425977,508076,156865,97514,45082,151041,35515,391954,141370,97383,74079,118123,21610,215942,130371,15337,26840,46093,27774,na
  2006 Nov,1482854,551541,169204,106012,51818,163545,35933,411074,138969,107804,77595,127468,22197,191518,136994,17269,27335,50344,29872,na
  2006 Dec,1619943,619798,166210,116479,65655,198556,42794,428538,135794,111535,84062,144984,27687,205460,143811,16673,26332,55712,35655,na
  2007 Jan,1368539,493158,165971,90845,42883,134239,35483,308178,91715,77435,71609,120620,21158,217211,155542,16525,31706,59783,38254,na
  2007 Feb,1301969,460367,126367,94322,43044,135699,36764,350050,122088,83353,70054,109741,21448,195383,125581,14750,25159,46344,29464,na
  2007 Mar,1478309,536663,158541,106688,58707,149410,38809,398326,130064,98518,88714,116658,24373,189395,164774,17759,33175,63758,36063,na
  2007 Apr,1419379,519368,154016,100421,55147,147676,38715,366907,132953,93639,65097,121276,28797,176484,157751,16991,30572,60060,33696,na
  2007 May,1446780,531442,159133,107409,56801,146306,40444,394661,147542,100568,68612,135746,27577,154312,156350,17130,30299,57895,34532,na
  2007 Jun,1467817,553199,169820,114252,53313,147758,44621,378388,128314,101235,70445,139783,26999,168228,153924,16316,28606,59241,35562,na
  2007 Jul,1496093,569999,195901,106431,50164,148658,46532,376600,122001,100990,74625,123612,22491,208709,143161,15722,26302,54477,36526,na
  2007 Aug,1498667,539971,166427,108769,48790,147617,45786,414685,136681,112227,83162,122398,28166,180649,158487,16626,29679,59620,39620,na
  2007 Sep,1385013,489565,151657,95916,46509,134409,39957,366306,127272,87374,80713,116958,25277,183389,158150,16688,29586,59886,31022,na
  2007 Oct,1485531,544379,176789,100364,47596,157311,41098,402344,145742,103036,77561,128147,23255,213773,131143,15051,25770,45909,27375,na
  2007 Nov,1564788,565783,162689,108267,54329,164156,50035,447153,157475,116302,82979,155445,24693,193883,133515,16889,25661,48063,30363,na
  2007 Dec,1668761,609249,168823,115297,65107,172307,55542,465950,156001,120316,90514,163492,26062,211174,142337,17808,26440,54181,34641,na
  2008 Jan,1465433,525622,172514,94211,46475,139200,46924,347039,121184,84273,71320,131633,26118,231699,152756,18196,28412,58880,34481,na
  2008 Feb,1416975,507845,144530,106060,47203,139907,45070,382069,137362,95523,69054,122714,23839,206633,136126,15989,25677,50667,27009,na
  2008 Mar,1565559,587684,170625,115761,62108,159696,51322,405600,134148,106228,88065,131616,26662,195905,173263,20826,31674,66627,31225,na
  2008 Apr,1460867,537259,154426,105140,58719,145961,47435,362923,136535,85417,66408,130075,28415,177265,181076,20624,30998,67595,29679,na
  2008 May,1534984,570114,167691,111303,63893,152618,49781,396470,142899,101077,70440,149176,28639,168595,178506,20525,29551,63395,31779,na
  2008 Jun,1513040,582544,179522,121023,58481,143556,53918,362713,116610,98316,71953,146572,27788,178033,171295,19714,30534,61840,32290,na
  2008 Jul,1530938,587330,202616,115692,53509,137364,54455,344189,104513,95773,71539,129579,27605,229551,168071,19157,30435,59880,29672,na
  2008 Aug,1522964,558461,185808,111866,54688,129332,50158,366664,110826,97849,80433,132765,36050,195311,185387,20969,33071,67120,33302,na
  2008 Sep,1373939,473068,153730,98046,51855,99239,46868,342511,110102,86542,77380,120922,27469,196225,174949,19294,32313,63584,25376,na
  2008 Oct,1525034,564867,198609,108232,56724,125211,48395,378261,133990,95235,71233,140162,28433,229889,147462,16488,29335,49214,21142,na
  2008 Nov,1515958,537537,161483,115074,63156,111965,53442,407709,136473,108059,76834,153305,30056,195355,153251,17987,29200,53146,25113,na
  2008 Dec,1677129,630039,169054,167594,79393,110615,65687,435328,126759,125129,84588,156252,33058,219005,160274,18605,29824,58939,27050,na
  2009 Jan,1471977,547186,167902,128315,54481,109725,54189,328198,115285,84974,64022,120462,33033,242718,161107,17296,31279,58413,24079,na
  2009 Feb,1228027,450471,123951,107869,47779,101056,43712,299247,104983,80330,53494,105631,26983,192372,127314,14178,23968,47328,17445,na
  2009 Mar,1420110,574093,165326,136964,70619,121338,48854,350531,116420,97690,72385,110692,32386,162655,159563,18429,31551,60994,19507,na
  2009 Apr,1414252,561955,165798,131555,69190,118079,47502,340671,122826,95830,55857,118048,36802,166622,161183,18832,31675,60674,17296,na
  2009 May,1368755,555652,171658,132984,72915,104518,47363,313635,117431,81189,53123,130806,35813,146939,158782,18964,31471,59535,16791,na
  2009 Jun,1473188,636620,195676,172145,65815,121211,52726,315462,111140,86995,51681,138349,34415,156826,160403,20830,31270,58671,21072,na
  2009 Jul,1522370,651218,226339,171587,55507,116661,55220,318714,101876,90451,67268,124500,31574,203570,158654,20091,31085,56984,21994,na
  2009 Aug,1534162,620703,192900,170878,61323,117348,50746,370931,120820,106557,74975,123074,39862,168213,174676,21767,33521,61196,24665,na
  2009 Sep,1485967,611531,185803,172618,60507,120588,45609,346799,121525,87247,78637,113424,29872,186638,165195,21441,31150,61578,20055,na
  2009 Oct,1619786,672977,199737,188351,62017,142275,50997,378339,140821,98956,72837,139427,30940,221759,142525,17975,29418,47746,19843,na
  2009 Nov,1678740,701516,197702,194647,69900,146340,56359,405305,145135,107347,74543,155918,34259,194154,150866,18948,30876,53742,21407,na
  2009 Dec,1845636,801059,212581,226039,88214,169379,64731,449982,152140,117050,87063,163774,32211,206840,149586,20282,27906,54311,25254,na
  2010 Jan,1598416,670373,212700,165677,66240,138586,52144,326405,113268,86555,59101,132835,31625,236638,159826,18827,29942,60190,25211,na
  2010 Feb,1523687,635464,180098,173831,61491,134244,54030,377144,139274,99647,62813,119938,30149,199629,130910,16535,24872,46224,20386,na
  2010 Mar,1691178,719644,218561,186111,80577,143931,55799,416111,142748,110083,84152,131450,36564,178384,173432,22433,36497,61308,22857,na
  2010 Apr,1584955,675327,205376,174825,82507,127160,53396,389638,139253,109622,65900,128671,35781,169935,151772,17852,32219,52180,22279,na
  2010 May,1688575,717480,231546,190199,88080,113908,61160,425962,153541,116915,70268,160775,38542,148896,162032,21624,34529,53831,24087,na
  2010 Jun,1736874,755765,245308,203894,81544,125204,66375,424854,147896,121179,71294,153990,34383,164726,165726,21645,33967,57939,26222,na
  2010 Jul,1767444,784841,284276,191870,69798,136213,70960,398122,131904,119039,70708,136511,35570,216573,159153,20366,33373,55418,26360,na
  2010 Aug,1685022,703618,231025,175339,67152,136833,62977,436170,148441,129829,77888,132275,37213,167762,171604,21367,37478,58073,26212,na
  2010 Sep,1650285,708085,249226,175475,65224,130838,58959,399382,144020,109940,72980,121921,33143,191179,164364,20540,36032,57601,20785,na
  2010 Oct,1746190,748352,241052,183849,75685,153727,61040,428078,148913,125599,72716,148755,28357,220484,138869,17446,31706,44694,21701,na
  2010 Nov,1804273,767592,238286,188310,87611,153256,62959,457247,144349,138267,87867,171551,35800,193484,145192,18046,33240,48525,23161,na
  2010 Dec,1960366,868766,252834,216667,108203,175733,72424,493714,148912,146974,98083,170277,34891,204541,146593,19503,30115,51386,26957,na
  2011 Jan,1833300,807242,266187,192397,87402,154760,67884,398810,130096,115547,77443,150353,33116,246105,158320,18258,31703,58691,24905,na
  2011 Feb,1641378,706336,211078,173917,81113,148733,58341,421474,134979,122481,79421,128290,30501,205279,123331,14706,25951,42724,19909,na
  2011 Mar,1809121,815867,244182,197258,100523,173310,64975,435439,143346,132780,73820,137742,37410,180125,169421,20810,35924,60270,24853,na
  2011 Apr,1812308,806624,244687,191106,108558,168238,60239,434160,158389,138491,48350,141458,36928,192240,168423,20675,34109,60995,22460,na
  2011 May,1868316,826389,255148,198516,113360,165034,61734,453443,160583,134953,65049,160682,40443,179405,174795,21089,35993,61592,24130,na
  2011 Jun,1927832,874921,281389,223810,97271,168649,68719,457192,150979,144686,62950,163707,38799,180661,176092,20584,34271,60783,28009,na
  2011 Jul,2004277,898097,321563,211253,85986,166499,77994,473631,152931,148564,74888,150225,40449,233071,168022,19406,34497,56478,29371,na
  2011 Aug,1882601,762199,230654,185970,82771,163928,66619,538109,175625,166382,89855,138656,34510,197205,174641,20301,35177,57431,28430,na
  2011 Sep,1849324,824269,289704,200502,81475,160381,61327,441643,148344,123102,79762,134899,38500,207927,169601,19483,34312,59467,22446,na
  2011 Oct,1887140,801820,260921,191781,90723,159071,62453,479398,164464,134834,78441,162857,33732,237014,139992,16537,31357,43920,21923,na
  2011 Nov,1942754,817460,266787,209035,99640,127013,72080,520168,169703,154968,84001,178638,39523,208269,145734,17566,34860,45329,22783,na
  2011 Dec,2192763,965468,276336,240664,127557,190728,82989,577958,178784,174456,91537,191723,44158,218285,155429,18199,34460,50271,28189,na
  2012 Jan,2036751,877576,294290,206942,90763,164953,77720,486839,178153,137370,79220,164043,45512,265214,163236,17515,36457,56593,23959,na
  2012 Feb,1835669,787821,251665,181613,82806,172056,61290,461922,163979,120500,81903,147534,41164,220382,145974,14794,36106,47020,22784,na
  2012 Mar,2091947,932783,283928,220375,111197,201407,72494,523469,180052,143925,99220,161203,51455,201298,186109,19345,45476,60482,25586,na
  2012 Apr,2043602,902570,277059,201308,115825,200750,67630,502841,182927,140017,77797,161730,46926,208020,187385,20904,40057,62973,23927,na
  2012 May,2014832,891785,277528,203959,119696,183911,68964,499207,186450,133651,78164,179645,46243,176331,187261,21501,40454,60398,25754,na
  2012 Jun,2107380,951146,303448,233520,99154,198820,75695,487108,168248,139850,79737,188240,46014,204393,191707,22232,40816,63897,29948,na
  2012 Jul,2090097,920907,321230,204560,87247,187507,81939,489949,172255,136808,83365,161430,44705,261172,170725,20318,36664,54185,31104,na
  2012 Aug,2079477,873090,284728,203687,81929,191894,71340,565647,203061,155184,97942,154548,44063,211957,188986,22034,41941,61915,31238,na
  2012 Sep,1933488,832178,275096,195328,80444,178390,67110,451632,162110,111675,89300,148536,46255,226744,191056,22191,40260,66112,25770,na
  2012 Oct,2084166,890101,279745,198776,89642,208435,68869,534536,196740,144711,84638,174109,40182,266808,146667,16488,32749,46789,21587,na
  2012 Nov,2168916,952521,279432,218465,101747,225516,73620,557917,191466,151943,93972,201332,42176,224753,156747,18812,34193,54726,23829,na
  2012 Dec,2367320,1060488,291879,261777,128994,238242,81446,603602,197642,168235,99219,208081,50685,241939,163777,20208,32441,57663,28231,na
  2013 Jan,2051368,877763,287408,194645,87939,190957,68281,473611,163043,121492,88026,170140,48234,283214,159357,18758,30544,59379,29400,9649
  2013 Feb,2020099,840705,246632,201052,88627,187879,68303,555498,211086,141751,90826,161404,51888,240504,141034,18823,27360,47859,21601,7465
  2013 Mar,2252444,1009787,304032,232993,116105,228968,74941,577109,196773,144306,117704,171129,56378,221544,182617,23996,37585,63918,24811,9069
  2013 Apr,2060941,927382,281927,198838,114621,217700,67159,509647,190203,126020,87431,159268,51170,206066,174647,21636,36191,55318,23756,9005
  2013 May,2124178,976514,299695,222225,123202,214093,71732,519064,191109,129504,89361,190600,52898,181315,170258,21745,32406,50934,25618,7911
  2013 Jun,2282765,1064317,334825,259812,107942,230738,81082,536186,188530,134530,97444,195916,60894,203121,183039,23045,32899,56932,31002,8290
  2013 Jul,2189193,971217,333157,216394,89671,206450,81257,526777,187792,137229,93667,164103,47878,272629,168935,20195,31937,53341,28705,8949
  2013 Aug,2297446,1006135,351208,238622,91498,205891,73275,625133,228859,154195,118184,169116,54738,218391,185857,23248,35616,58836,29821,8255
  2013 Sep,2086775,930581,305012,221719,85191,204881,70209,517579,184980,118986,104256,153955,51038,221665,178867,19832,35426,59171,23684,9406
  2013 Oct,2183361,975069,316428,221624,94442,215989,73008,557931,195380,140579,102168,175711,45491,262268,137754,15456,31413,35492,20194,8943
  2013 Nov,2242642,1025455,312065,245723,103618,222846,78271,582608,187584,163584,107673,197899,43885,217911,145963,16393,31546,40956,20217,8704
  2013 Dec,2483789,1148292,331114,284921,132769,240962,92093,627410,195696,180314,115201,221455,58955,240882,154022,18611,28459,47081,23025,9748
  2014 Jan,2256458,983119,350757,231094,95448,167755,78510,531659,183315,139606,101068,191499,56192,307494,155438,17239,29819,48881,21659,9398
  2014 Feb,1988492,832407,274250,199738,85139,149950,70429,561160,200994,155595,91888,157205,46796,238512,127649,15044,25735,36970,17823,6940
  2014 Mar,2219050,988715,315317,242024,110525,181419,81036,601168,190188,167293,123837,173475,56898,206666,164197,20144,35167,47373,20129,7802
  2014 Apr,2155835,971077,315532,217576,113228,192860,74652,539063,179444,147893,97440,175541,53967,220297,168888,19813,31018,54869,18040,8962
  2014 May,2169010,971320,317634,219907,120671,180705,79292,545398,182419,145404,97220,201088,50195,198191,172665,20873,32752,50700,21092,9061
  2014 Jun,2283458,1044254,351950,254083,112720,181148,88136,558839,184785,154486,100549,207049,51234,204592,186242,21705,33635,55551,22496,8752
  2014 Jul,2221346,949446,310430,215186,93931,188761,91110,564835,187676,159372,103295,180956,42004,274003,177484,20095,31919,53795,22504,10114
  2014 Aug,2291337,975089,336168,221169,91195,194653,80792,625815,214533,169809,118457,181766,63705,224931,187551,20522,34806,55636,23846,8634
  2014 Sep,2094124,908941,289438,215891,86638,192057,75529,523833,172353,128744,109846,171313,58653,231894,173614,16341,34031,53971,17226,8650
  2014 Oct,2219441,971167,299558,219569,95459,219460,79314,589483,201623,150137,107282,196154,49450,253190,138462,14603,28501,38878,15614,5921
  2014 Nov,2233049,992692,291834,227707,102177,226237,83250,595362,195507,157188,112089,211992,48837,217763,143200,15046,29403,42265,17515,5688
  2014 Dec,2488481,1137015,305141,279020,131028,258147,98664,640184,199852,170959,123718,230162,64659,239784,149514,16569,26859,47440,19322,7841
  2015 Jan,2112813,897734,275638,196308,92991,201066,77478,486732,151412,126069,97535,195229,60208,292667,150845,13901,29206,50465,21679,7719
  2015 Feb,2056989,860772,239378,214776,87600,189091,77794,585065,230018,137527,99786,172685,51833,241765,125498,13879,24038,38321,14380,4991
  2015 Mar,2245963,983816,276699,231365,112218,221752,86420,613798,201606,155055,128849,175380,60436,223763,163010,18757,32736,50899,18689,7071
  2015 Apr,2151585,946865,274031,217573,113668,210081,77846,551958,186017,145299,103715,178926,63508,214859,169679,17804,32355,54775,18328,7462
  2015 May,2250744,1017834,303026,237619,125447,212240,88592,577520,201498,149272,106186,210113,58096,191912,167498,18961,29875,49455,20739,7032
  2015 Jun,2278717,1040931,310793,248504,110284,227762,92833,559560,197467,147878,106970,204083,60047,202640,183695,20693,31133,56341,21917,5844
  2015 Jul,2381169,1042937,339964,240414,97680,217209,98117,597556,214763,156457,113948,187491,56286,275268,188412,21219,31760,57057,25037,8182
  2015 Aug,2447055,1000309,305892,243921,101706,205187,92636,711054,260644,185117,130633,191623,79057,237417,194539,22627,33838,58302,25291,7765
  2015 Sep,2192314,936720,286818,232586,94948,190939,84213,559018,191859,133349,117361,174815,68238,247171,180285,19199,33744,54134,18704,7363
  2015 Oct,2278858,973146,287826,232170,99513,219466,81201,619567,211780,154715,120818,190911,54084,270237,145806,15137,28790,41227,17037,8070
  2015 Nov,2343936,1020847,280179,244217,108769,234926,87372,632055,202382,163178,125167,219549,54437,247138,145849,14814,26191,43753,17077,6984
  2015 Dec,2604316,1179709,302910,286633,140383,272784,104896,678653,213327,174793,137173,231840,75677,258869,152081,15725,25895,48595,18940,8547
  2016 Jan,2319262,997665,295912,229464,104780,220545,86825,567209,195632,141698,107665,201606,68330,299953,155667,13317,29436,50089,20544,8288
  2016 Feb,2293676,974513,268906,237642,100457,222885,86077,658575,263343,150986,111124,176447,58960,262853,142068,14839,25255,43265,14461,5799
  2016 Mar,2422486,1086304,301809,257838,119847,252580,93615,652092,223340,157695,139487,186615,68923,233361,172301,19010,32729,53048,15244,7646
  2016 Apr,2366216,1040022,295459,238836,118290,239207,88952,634062,234186,155634,117097,187734,68909,233540,177549,19802,31980,55966,15835,8565
  2016 May,2377533,1078793,319954,252424,126628,231026,94565,631934,236454,152754,116677,212291,58078,204970,166898,19738,30143,48888,17029,7540
  2016 Jun,2371241,1058043,307644,257931,113819,230434,97516,619253,229889,147022,109605,210807,59801,215242,177253,19436,30805,57778,24199,6643
  2016 Jul,2521603,1127228,371216,260258,104073,232245,104565,628417,245807,150036,105279,198127,60627,294051,178165,19344,30573,59413,25999,8989
  2016 Aug,2438273,1007609,314934,246382,97964,204087,94336,697350,283712,161138,119815,196195,76452,234970,190861,20430,34643,64941,26159,8677
  2016 Sep,2279281,990490,301544,249239,93794,207122,89863,574820,212385,126896,112723,192058,67476,249703,174651,17709,32535,58270,21774,8309
  2016 Oct,2368664,1029961,316342,254766,99503,213560,88146,617563,226366,138929,116800,214716,53694,271117,150693,15943,30584,45360,22335,8585
  2016 Nov,2409220,1053087,300455,258320,112434,221313,96222,634777,227352,144740,118478,238657,59177,239208,151187,16999,29380,46842,26137,6990
  2016 Dec,2786523,1245415,335360,304950,144361,267095,112961,723316,258271,165351,135511,273824,85849,262163,158361,16303,30436,50928,29317,8278
  2017 Jan,2556029,1116214,344501,265543,114849,225114,96785,609406,254192,128291,106731,237933,71347,316975,165576,16417,32774,53038,30220,8358
  2017 Feb,2281794,948568,270594,226336,99125,207458,86541,643290,269935,141529,98196,184193,61928,267888,145905,15948,29405,45151,24177,5845
  2017 Mar,2525511,1122339,325309,270990,119274,244216,98165,668732,248150,146303,130007,200733,73175,236066,190633,20295,39825,59481,26430,7403
  2017 Apr,2549877,1141453,341023,265973,127895,245698,94188,638053,253210,136253,112702,209988,76107,257399,193866,19771,39486,60961,25216,7795
  2017 May,2489147,1118961,328353,266497,131166,238268,98484,633894,257217,134305,108491,252120,57796,213618,178845,18806,35749,55989,26722,7191
  2017 Jun,2550518,1123911,309322,277727,119582,252492,108926,644325,257804,135987,110039,256621,59785,235032,192362,19656,36404,60191,30355,8127
  2017 Jul,2620083,1176753,391523,274837,109987,231727,111358,629652,266361,136045,100728,220933,60239,294997,195453,18698,35967,60067,31448,10608
  2017 Aug,2631532,1097409,331376,271539,102560,233145,102900,731278,312961,157914,118550,228711,75458,255848,201395,20293,39054,59520,31439,9994
  2017 Sep,2389930,1040689,314156,262753,97973,218028,93033,580851,230558,116594,111745,210660,65486,263838,192890,18005,36455,60844,26025,9491
  2017 Oct,2546111,1085390,311738,269182,105164,239176,97534,674032,268398,144238,116404,248215,54640,287489,162828,15963,30107,49320,24213,9304
  2017 Nov,2606883,1128238,302135,275175,119605,257484,101532,687430,257884,147727,130668,257383,66971,256210,172042,17209,33092,52027,29840,8769
  2017 Dec,2866096,1270439,316178,322835,143930,286008,120573,734481,278996,151498,145538,287086,76955,270750,183271,17329,31863,57066,32413,10701
  2018 Jan,2525462,1082601,324053,250915,108961,239346,95366,589286,229943,119835,113178,249724,66898,311756,179272,16243,33018,55260,35207,10718
  2018 Feb,2461291,1032487,285111,261450,100651,225449,97579,674419,300339,126185,113153,222132,60144,272087,164665,14889,29086,49901,27340,8017
  2018 Mar,2760196,1208647,345889,292727,126795,261899,111449,718658,284687,138315,140415,245647,74148,262824,206936,18775,39872,63276,34067,9269
  2018 Apr,2640693,1144840,337949,268537,130546,244262,98172,663265,276266,127977,119974,239926,71496,259443,220491,18127,44475,70950,32061,9171
  2018 May,2644254,1158995,336317,278570,138356,241774,106076,672249,292337,123491,120138,272947,53345,237288,207651,18400,39667,65879,33057,8722
  2018 Jun,2700106,1196726,358285,291668,127332,251907,113400,658229,275721,123601,119625,273833,58705,247502,220039,18596,41422,70969,36530,8542
  2018 Jul,2764491,1210710,392177,282751,120204,240145,121636,663173,289603,128375,112903,243094,62144,306087,227341,19007,46140,74365,38939,13003
  2018 Aug,2817913,1139043,338526,280797,112839,240793,111135,769629,343213,149882,131574,258196,78873,279109,241786,19977,51012,76181,38519,12758
  2018 Sep,2550670,1069387,324067,266019,106301,219137,101584,634729,263632,111210,126652,226397,69729,279992,228727,18996,48126,73831,31840,9869
  2018 Oct,2652749,1110909,327138,268454,111679,244627,97290,696974,280265,133532,133238,257598,58188,299077,188969,16840,41105,56534,30941,10093
  2018 Nov,2717011,1157601,312214,278953,126652,261939,106769,698160,258311,142360,140594,276959,67979,273152,196314,17106,42731,61684,36552,10294
  2018 Dec,2980249,1290782,335372,324109,152243,279386,122906,755171,283610,149118,158565,307772,80021,292830,203797,17593,42421,63662,38686,11190
  2019 Jan,2726368,1114452,337480,254925,119446,229295,99103,660879,264269,123988,131383,273816,72342,344602,203841,17327,45781,60808,44815,11621
  2019 Feb,2522088,1008101,281322,245094,108705,215716,95906,703783,313675,125944,121869,229181,61076,296660,181169,14920,40332,53072,33811,8307
  2019 Mar,2787741,1165864,338264,278688,129054,245015,107398,753993,297833,140892,156571,244800,76524,269540,227395,19039,52854,67664,39363,10262
  2019 Apr,2700598,1153741,331993,270952,136833,246906,101753,682529,288191,127029,120571,233224,75079,279261,226534,18456,51857,67372,37696,12534
  2019 May,2691345,1107168,309849,261169,144051,229736,105041,722746,308650,123936,141874,257576,59978,264324,226574,19051,52344,67083,40362,12617
  2019 Jun,2834087,1236436,367509,304721,135884,252037,117480,711041,300838,126761,133398,264540,73618,267164,226331,18964,51304,67287,42877,12080
  2019 Jul,2853267,1223655,397449,280360,125074,239380,122929,697802,306015,125369,120968,237246,73381,327157,233758,18830,52493,70888,46079,14189
  2019 Aug,2911530,1164560,350443,284628,122453,237681,111444,814406,369550,129884,151982,244304,91493,291482,243809,19512,56231,73047,47520,13956
  2019 Sep,2682724,1121761,346750,270585,113999,225001,108667,668633,285457,85842,146694,234245,81569,291886,227980,18395,53875,66340,43214,13436
  2019 Oct,2801262,1163071,350115,271689,120937,248708,108159,738593,310905,110100,147486,259852,73099,316132,196458,16658,47226,55059,40543,13514
  2019 Nov,2855679,1208027,343364,276244,134604,267407,116564,733082,291946,110116,155997,285565,79867,291753,202476,17436,47332,59157,42243,12666
  2019 Dec,3132828,1352214,357692,336701,150134,295093,134713,808300,325275,136089,167655,313760,90978,300426,207005,17489,47358,60435,45576,14569
  2020 Jan,2893053,1187735,358964,284546,123593,238074,113795,698679,294729,113761,141765,279969,82679,364406,214209,17601,50224,61282,50077,15299
  2020 Feb,1718033,690707,201381,152293,87293,142700,63629,250249,26823,33674,105323,198935,57256,289339,184672,15019,44469,52668,36680,10195
  2020 Mar,791383,292339,87342,70940,40562,47597,24000,97914,24032,16262,36469,87083,26314,148524,115731,6792,23509,41307,18023,5455
  2020 Apr,17340,4801,2138,1020,1309,77,214,8268,3799,820,1364,195,940,507,2335,0,338,821,294,0
  2020 May,20400,6470,1274,2113,1212,622,349,7341,4436,720,727,1912,271,1114,2845,0,383,657,447,0
  2020 Jun,34190,7322,2271,1733,1732,765,309,11953,7991,731,1390,5945,1251,1827,5271,282,480,1528,621,0
  2020 Jul,51415,12516,3207,2974,3958,682,784,13960,8907,1131,1446,7333,5013,1830,10181,952,1599,2773,581,1
  2020 Aug,51371,12179,3188,2228,4389,696,914,14163,9721,772,1620,9711,2660,2897,9207,1137,1251,3950,554,0
  2020 Sep,54703,13859,3080,2860,4510,590,1060,11937,7797,824,1474,12526,2260,3997,9726,957,803,5460,398,0
  2020 Oct,56006,15920,3612,3246,5410,630,937,13533,8216,1091,1904,11352,2335,5634,6777,491,621,3732,335,120
  2020 Nov,60232,18566,7869,6492,10425,1718,2190,15643,16106,2998,5214,10214,2731,6921,5313,988,1170,6679,487,357
  2020 Dec,76350,21939,6273,2874,6631,1417,998,17380,9453,923,4262,13494,4123,8486,9231,908,1105,3360,1109,588
  2021 Jan,71487,19052,5313,3878,4098,1434,924,17777,8285,889,5679,15556,3603,7423,5350,525,707,1731,2383,343
  2021 Feb,58669,17833,5642,2344,4503,1508,489,9636,4372,1051,2018,13360,3515,6124,6118,475,888,1970,1802,281
  2021 Mar,83568,24546,9222,3294,4964,1841,1215,16516,7894,1235,4412,16151,3880,8639,10864,681,1211,4540,2700,272
  2021 Apr,86579,26807,11937,4079,4340,2175,1395,16735,8997,827,3774,13599,3828,7972,13808,827,1187,6810,3375,455
  2021 May,95254,27692,11148,4541,6516,2011,643,21042,13943,691,3252,9737,3888,9256,18180,1673,1791,7488,4920,539
  2021 Jun,99250,27758,10761,3696,7407,1969,709,18974,11319,427,4092,7640,3997,10167,24358,3081,2703,10157,5644,712
  2021 Jul,105118,32232,11355,4334,7754,3854,747,18604,8874,806,5772,9738,3446,8605,25610,3846,2956,10611,6222,661
  2021 Aug,111014,33892,12031,4456,8026,3841,991,18038,8383,1055,5329,12045,4447,6918,25333,2998,3324,10822,9770,571
  2021 Sep,113378,32967,11557,4501,4331,7992,819,18976,9047,1188,4337,11744,3970,6856,32440,2129,5195,17601,5620,805
  2021 Oct,131402,42710,12646,6229,10519,7061,1298,21473,9578,1254,4708,17049,5346,7636,30303,3281,7955,9883,5932,953
  2021 Nov,207540,63304,15668,10803,13004,14004,1351,28559,8580,1513,6549,29774,8761,23048,41830,5170,8154,12326,10861,1403
  2021 Dec,418214,136491,22810,44873,14551,38581,1065,33551,7100,1291,10095,73604,15837,53161,83159,10213,16384,24007,21877,534
  2022 Jan,323007,106257,18250,37061,11405,16185,6512,20659,5752,637,5583,45489,7969,69408,57338,5332,9738,20154,15462,425
  2022 Feb,334406,113276,16715,27461,18073,21900,12705,19919,3910,1253,4963,44052,9575,82201,50519,4887,7787,17865,13595,1269
  2022 Mar,565823,208515,42417,45516,41339,38637,21335,30538,2199,1843,13594,86831,18870,105010,87934,9075,16022,28869,24546,3579
  2022 Apr,951502,404796,99486,87560,68828,71805,51046,49687,3002,6243,19839,149210,22349,159298,122957,9986,27907,33429,37264,5941
  2022 May,1212096,562971,140139,141296,80416,106799,65733,69098,4641,7477,26334,172109,36244,179554,141546,12498,33118,34170,45084,5490
  2022 Jun,1430792,670359,149084,177415,92026,139171,80763,89873,6912,6658,30880,201134,43099,195529,173446,17934,43541,43587,50431,6921
  2022 Jul,1587229,735812,165185,184623,102151,157474,90027,103610,6408,8674,32328,188224,56495,263543,175112,16962,40266,46863,56899,7534
  2022 Aug,1611674,725935,165971,179201,96783,160388,87279,132911,8324,13803,43511,187576,68221,254450,177182,17416,42430,47953,58395,7004
  2022 Sep,1667116,763986,183259,201690,90927,164899,89951,138713,10155,14802,43439,198694,71333,255185,180921,18484,43123,50611,50995,7289
  2022 Oct,1829816,849981,203274,213676,106538,193426,95058,191276,11376,25196,61321,226397,65709,271486,170289,17766,40970,44355,47274,7404
  2022 Nov,2003017,908437,219323,220585,119526,207589,99092,269882,18977,30993,96943,246078,73123,270902,176459,19482,42265,51632,51189,6947
  2022 Dec,2279572,1057678,246811,273910,133346,238316,119764,356820,25962,45287,122794,261273,82980,266733,186833,23504,44058,53624,59731,7524
  2023 Jan,2071973,921481,236894,232232,110515,195388,102736,313574,31925,55876,93387,214857,67136,302022,183149,20474,43930,53678,62427,7327
  2023 Feb,1968204,842426,221396,195403,103708,196873,85879,359764,39762,64846,99646,191658,73240,267479,175551,18716,42254,50882,51656,6430
  2023 Mar,2300042,987984,258118,257769,113075,217201,99121,460584,87393,72582,129542,214093,84177,277963,209828,22848,48554,62851,57661,7752
  2023 Apr,2256075,945849,254622,231352,115894,205921,96153,470855,117920,76242,113762,220753,77974,267162,209706,22681,47226,62538,54764,9012
  2023 May,2416651,1016642,297376,249761,119130,205833,102171,522867,156623,81104,118111,251907,82277,268632,208380,23328,44171,63065,56810,9136
  2023 Jun,2492201,1072446,297064,284935,130594,216895,102865,533127,170581,77530,112475,270077,77052,263281,210702,23407,44345,64978,55799,9717
  2023 Jul,2518522,1085088,346196,261080,129698,204317,103139,537291,211875,70789,99008,230014,76172,307860,211877,25798,41749,66770,60062,10158
  2023 Aug,2543189,1011911,296230,251852,115602,207933,98781,640856,266785,81706,116749,227872,88475,282178,221335,27662,45140,64656,60520,10042
  2023 Sep,2388208,976200,288413,257482,100770,198631,93052,545509,190568,76001,119603,221130,87177,281890,212904,26999,41477,63181,53960,9438
  2023 Oct,2526293,1004625,293584,248722,100964,221225,95429,650873,224456,91481,134891,256757,70734,301941,185613,23806,37103,51708,46822,8928
  2023 Nov,2603008,1064679,278285,270932,128161,234213,103383,652422,206778,93838,150729,289537,77749,286274,177025,22408,35994,53430,46950,8372
  2023 Dec,2861776,1163465,295598,309565,147852,243950,114660,752706,271750,112413,158438,305783,84249,304852,190201,23670,35955,59844,50243,10277
  2024 Jan,2545159,1023890,297301,252721,121529,215777,91137,591775,222956,85169,123860,268447,69361,340842,186372,22116,38031,57803,52692,11780
  2024 Feb,2668973,1043571,279107,273053,116456,231796,97902,763042,342416,97038,132788,247990,73513,304601,182060,21397,38036,55856,44525,9671
  2024 Mar,2846893,1147127,297830,295187,144936,256193,106501,798514,330380,101369,160871,265088,78800,289969,203934,24462,41993,62452,52304,11157
  2024 Apr,2625504,1039785,305947,256967,119414,224240,88687,688797,283889,94171,134794,254262,75063,278029,224894,26768,47381,70156,55518,9156
  2024 May,2746455,1070791,304347,280455,125442,224744,94314,748136,327809,92920,149748,290573,74676,271878,223693,26116,47182,70077,57356,9352
  2024 Jun,2697954,1090491,300657,292789,128194,232385,93846,689916,299377,92340,133177,284985,75153,274110,214354,24449,43656,67316,60034,8911
  2024 Jul,2740326,1123805,335010,290725,132825,225958,95446,684218,323755,91851,117217,248327,74361,319869,215708,24399,40835,70806,63681,10357
  2024 Aug,2851555,1076139,303902,288558,116345,229118,95184,824676,395409,109486,144822,253932,95795,287680,238392,27348,47506,75126,64499,10442
  2024 Sep,2624277,1002060,291753,278352,106058,201734,88180,691253,294733,87019,148473,247842,88686,301732,228307,45284,25717,73713,54726,9671
  2024 Oct,2840028,1067698,296812,277645,112951,240145,94470,820133,354325,110736,166854,289283,75730,332182,195585,24341,38493,56957,49797,9620
  2024 Nov,2855880,1107967,279388,283893,132282,262393,99247,773612,310214,108816,164753,306921,88631,317054,200530,23038,40496,62678,51302,9863
  2024 Dec,3144724,1248739,311140,323182,155269,294105,110293,888607,370922,117393,184868,331296,96868,312061,198377,20721,37640,64337,57008,11768
  2025 Jan,2971086,1146441,330478,286238,129892,246544,101187,753224,318358,103194,167246,312496,100470,374992,207803,18719,41570,66540,63927,11733
  2025 Feb,2645524,992397,266426,254362,109550,226026,89930,753201,332171,95443,145351,250245,83502,326014,180763,18669,36345,55270,50806,8596
