Date,Total Aircraft Arrivals And Departures ,Total Aircraft Arrivals And Departures -> Aircraft Arrivals ,Total Aircraft Arrivals And Departures -> Aircraft Departures ,Total Passengers,Total Passengers Arriving,Total Passengers Departing,Total Passengers In Transit,Total Air Cargo Tonnage ,Total Air Cargo Tonnage -> Imports Of Air Cargo Tonnage ,Total Air Cargo Tonnage -> Exports Of Air Cargo Tonnage ,Total Direct Tonnage ,Total Direct Tonnage -> Imports Of Direct Tonnage ,Total Direct Tonnage -> Exports Of Direct Tonnage ,Total Transhipment Tonnage ,Total Transhipment Tonnage -> Imports Of Transhipment Tonnage ,Total Transhipment Tonnage -> Exports Of Transhipment Tonnage ,Total Mail ,Total Mail -> In-Coming Mail ,Total Mail -> Out-Going Mail 
  2025 Feb,29238,14614,14624,5441857,2754111,2645524,42222,143108,77198,65910,87822,49606,38216,55286,27592,27694,828,408,420
  2025 Jan,33104,16553,16551,6155064,3130805,2971086,53173,159763,86826,72937,95309,54722,40587,64454,32104,32350,887,439,448
  2024 Dec,33155,16579,16576,6410825,3218469,3144724,47632,170761,90969,79792,105124,59286,45838,65637,31683,33954,1129,534,595
  2024 Nov,30787,15385,15402,5741007,2839182,2855880,45945,172793,92989,79804,105299,59512,45787,67494,33477,34018,1056,458,598
  2024 Oct,31329,15666,15663,5650043,2757008,2840028,53007,177714,94909,82805,108299,60528,47771,69415,34381,35034,1029,459,571
  2024 Sep,29930,14962,14968,5399080,2718654,2624277,56149,172046,91876,80169,102914,57855,45058,69132,34021,35111,1076,461,615
  2024 Aug,31180,15583,15597,5729606,2820647,2851555,57404,166479,90834,75645,100352,57260,43092,66127,33575,32553,1132,476,656
  2024 Jul,30964,15481,15483,5704270,2905055,2740326,58889,173896,93716,80180,104986,59666,45320,68910,34050,34860,1109,479,630
  2024 Jun,30059,15023,15036,5621575,2870988,2697954,52633,157297,83162,74135,88139,49337,38802,69158,33825,35333,1171,480,692
  2024 May,30123,15051,15072,5482723,2688803,2746455,47465,170471,91470,79001,101713,57119,44594,68757,34350,34407,1107,467,640
  2024 Apr,29098,14547,14551,5402910,2732578,2625504,44828,158109,84596,73512,96840,54337,42503,61269,30260,31009,1263,582,680
  2024 Mar,30409,15194,15215,5726451,2838535,2846893,41023,176067,95275,80792,106453,60457,45995,69615,34818,34797,1167,613,554
  2024 Feb,28822,14411,14411,5352680,2645916,2668973,37791,143078,77090,65987,86564,49429,37135,56514,27661,28852,1039,411,629
  2024 Jan,30127,15069,15058,5429031,2839143,2545159,44729,156142,84249,71893,94362,53170,41192,61779,31079,30700,1224,461,763
  2023 Dec,30436,15208,15228,5814627,2911784,2861776,41067,150575,84449,66126,93259,54310,38949,57316,30139,27177,1556,576,981
  2023 Nov,28003,13997,14006,5147331,2505727,2603008,38596,150215,76904,73311,91969,49553,42416,58246,27351,30895,1534,481,1053
  2023 Oct,28708,14355,14353,5122657,2550710,2526293,45654,152676,79488,73188,93630,50494,43136,59046,28994,30052,1330,486,845
  2023 Sep,27839,13917,13922,4873855,2434215,2388208,51432,153785,81235,72550,93643,51266,42377,60142,29969,30173,1494,525,969
  2023 Aug,28922,14457,14465,5147997,2550494,2543189,54314,148770,79285,69485,90078,50161,39917,58692,29124,29568,1629,562,1068
  2023 Jul,28870,14432,14438,5274889,2701718,2518522,54649,148810,78006,70804,93043,50418,42625,55767,27588,28179,1479,506,973
  2023 Jun,27522,13753,13769,5119252,2580813,2492201,46238,135471,73761,61709,86165,48076,38089,49306,25685,23621,1482,506,976
  2023 May,27571,13791,13780,4838555,2376786,2416651,45118,142117,74001,68116,90477,48446,42031,51640,25555,26085,1620,561,1059
  2023 Apr,26301,13150,13151,4603335,2304751,2256075,42509,140893,73995,66898,90960,49291,41670,49932,24704,25228,1753,556,1197
  2023 Mar,26088,13042,13046,4633939,2294797,2300042,39100,152482,80520,71962,97640,53428,44212,54842,27092,27750,2183,683,1501
  2023 Feb,22856,11425,11431,4002734,1998306,1968204,36224,130936,68224,62712,87288,46535,40753,43648,21689,21959,1810,627,1183
  2023 Jan,25176,12597,12579,4366912,2254509,2071973,40430,133497,70094,63403,85680,45110,40570,47817,24984,22834,1594,587,1007
  2022 Dec,25352,12672,12680,4620193,2302447,2279572,38174,152562,79887,72676,99029,53328,45701,53533,26559,26974,1795,662,1133
  2022 Nov,23651,11820,11831,3963295,1922090,2003017,38188,150754,78223,72531,99219,52567,46651,51535,25655,25879,1817,552,1265
  2022 Oct,21784,10876,10908,3687774,1823550,1829816,34408,152297,79467,72831,101512,54313,47199,50786,25154,25632,1355,534,821
  2022 Sep,20430,10211,10219,3421600,1720124,1667116,34360,154133,80892,73241,101207,54704,46503,52926,26188,26738,1343,516,827
  2022 Aug,20433,10211,10222,3319381,1668806,1611674,38901,152653,80980,71673,101835,55868,45967,50818,25112,25706,1371,536,835
  2022 Jul,20275,10128,10147,3300213,1671555,1587229,41429,163274,84334,78940,109693,57816,51877,53580,26518,27062,1600,558,1042
  2022 Jun,18380,9180,9200,2927392,1470490,1430792,26110,163290,83645,79644,109517,57111,52406,53772,26534,27238,1436,517,919
  2022 May,17109,8557,8552,2465500,1233581,1212096,19823,153450,81983,71466,104950,57064,47886,48499,24919,23580,1471,839,631
  2022 Apr,15055,7519,7536,1932520,965450,951502,15568,152296,82528,69768,105131,57772,47360,47165,24756,22409,1750,529,1221
  2022 Mar,13172,6572,6600,1141411,568945,565823,6643,151989,67694,84295,103307,47874,55434,48682,19820,28862,1620,571,1049
  2022 Feb,10852,5424,5428,702917,365864,334406,2647,136794,70442,66352,94184,49570,44613,42611,20872,21738,1401,479,922
  2022 Jan,12175,6076,6099,719926,393421,323007,3498,169465,87916,81549,109068,57465,51603,60397,30451,29946,1547,626,921
  2021 Dec,12151,6066,6085,817092,394269,418214,4609,183824,93880,89944,122889,63941,58948,60935,29939,30996,1910,725,1185
  2021 Nov,10441,5215,5226,395289,184721,207540,3028,177416,91447,85969,117170,61483,55687,60246,29964,30283,1719,688,1030
  2021 Oct,10185,5091,5094,255148,120883,131402,2863,182035,93359,88676,120489,62880,57609,61546,30479,31067,1961,771,1191
  2021 Sep,9427,4706,4721,219506,103831,113378,2297,171303,88681,82621,109823,58129,51695,61479,30553,30926,1895,706,1189
  2021 Aug,9294,4647,4647,211408,98300,111014,2094,165475,86774,78701,105939,57082,48857,59536,29692,29844,1945,696,1248
  2021 Jul,9400,4693,4707,203701,96367,105118,2216,163550,86695,76855,106251,58203,48047,57300,28492,28808,2059,815,1244
  2021 Jun,8821,4399,4422,178361,76387,99250,2724,160959,84403,76556,108879,58293,50587,52080,26111,25969,1856,695,1161
  2021 May,8702,4348,4354,171277,74145,95254,1878,159727,83404,76323,107435,57480,49954,52292,25924,26369,1901,665,1236
  2021 Apr,8166,4078,4088,173061,85019,86579,1463,155141,80382,74759,107147,56635,50512,47993,23747,24247,2068,706,1362
  2021 Mar,8103,4048,4055,165638,81820,83568,250,157387,82566,74822,110311,59291,51020,47076,23275,23802,2335,814,1521
  2021 Feb,6707,3352,3355,117513,58750,58669,94,123914,63596,60318,86734,45880,40854,37180,17716,19464,1729,628,1102
  2021 Jan,7495,3744,3751,144931,73345,71487,99,145957,76617,69340,102607,54912,47695,43351,21706,21645,2054,699,1356
  2020 Dec,7525,3760,3765,151860,75337,76350,173,147676,78061,69615,105005,56922,48083,42671,21139,21532,2363,853,1511
  2020 Nov,6572,3278,3294,110737,50114,60232,391,140030,74240,65789,97875,53318,44558,42154,20923,21232,2289,674,1615
  2020 Oct,5890,2944,2946,98290,42267,56006,17,129083,67102,61981,93726,49177,44550,35357,17925,17431,1927,707,1221
  2020 Sep,5623,2814,2809,90241,35508,54703,30,124524,65209,59315,90207,48211,41996,34317,16998,17319,1915,640,1275
  2020 Aug,5562,2777,2785,84296,32865,51371,60,120115,62876,57239,85951,45973,39978,34164,16903,17261,2500,614,1886
  2020 Jul,5247,2621,2626,85981,34261,51415,305,118912,62660,56252,87290,46868,40422,31621,15791,15830,3054,642,2412
  2020 Jun,4779,2390,2389,48241,13996,34190,55,111665,58680,52985,82903,44206,38697,28762,14474,14288,2496,637,1859
  2020 May,4472,2237,2235,24504,3976,20400,128,103122,55798,47324,80453,44664,35789,22669,11134,11535,1633,431,1202
  2020 Apr,3865,1920,1945,25189,5776,17340,2073,95838,53217,42620,75451,43362,32089,20386,9855,10532,931,227,705
  2020 Mar,16223,8146,8077,1649662,828317,791383,29962,149444,83425,66019,99611,58354,41257,49833,25071,24762,2558,757,1802
  2020 Feb,26231,13115,13116,3446022,1687083,1718033,40906,146828,79361,67467,93170,52390,40780,53658,26971,26687,3159,1109,2050
  2020 Jan,33435,16719,16716,5950940,3000922,2893053,56965,156865,83949,72916,93951,52826,41126,62914,31124,31790,4025,1268,2756
  2019 Dec,33344,16675,16669,6414495,3231750,3132828,49917,174697,93786,80911,106117,60101,46016,68581,33685,34895,5255,1532,3723
  2019 Nov,31598,15796,15802,5718386,2814414,2855679,48293,177532,95058,82474,105337,59530,45807,72195,35528,36667,4573,1367,3207
  2019 Oct,31958,15978,15980,5646643,2787094,2801262,58287,169689,93855,75834,104161,57423,46738,65529,36432,29097,3760,1295,2464
  2019 Sep,31179,15589,15590,5469342,2726048,2682724,60570,170234,91560,78673,102895,57272,45624,67338,34289,33050,3478,1129,2349
  2019 Aug,32364,16181,16183,5900629,2926617,2911530,62482,169032,91886,77145,101294,56992,44301,67738,34894,32844,3416,1120,2297
  2019 Jul,32389,16196,16193,5910782,2986187,2853267,71328,170226,91891,78335,102510,57942,44568,67716,33949,33767,3253,1110,2143
  2019 Jun,31391,15695,15696,5816089,2920788,2834087,61214,161880,86556,75324,95347,53312,42034,66533,33243,33290,2954,1034,1919
  2019 May,31671,15833,15838,5407308,2657323,2691345,58640,171756,90606,81150,99795,55182,44613,71961,35424,36537,3292,1142,2150
  2019 Apr,31454,15725,15729,5580503,2824331,2700598,55574,156480,81186,75294,93418,52266,41152,63062,28920,34142,3189,1047,2143
  2019 Mar,32371,16178,16193,5630780,2795669,2787741,47370,184764,99805,84959,107903,61478,46425,76861,38328,38533,3448,1099,2348
  2019 Feb,29894,14950,14944,5131807,2565307,2522088,44412,136504,74523,61980,81569,47197,34372,54935,27326,27609,2664,866,1798
  2019 Jan,32729,16368,16361,5656076,2865915,2726368,63793,171304,93028,78276,99992,57469,42523,71312,35559,35753,3282,1038,2245
  2018 Dec,33417,16712,16705,6127843,3092165,2980249,55429,181618,98330,83289,107346,61884,45463,74272,36446,37826,4077,1300,2777
  2018 Nov,31909,15937,15972,5408993,2642203,2717011,49779,189150,103297,85854,109866,63865,46001,79285,39432,39853,3780,1233,2547
  2018 Oct,32759,16389,16370,5376234,2657528,2652749,65957,189786,102006,87780,111866,63351,48515,77921,38655,39265,3191,1031,2160
  2018 Sep,31395,15700,15695,5225903,2602920,2550670,72313,184707,98633,86074,108746,60921,47824,75961,37712,38250,3100,988,2112
  2018 Aug,32888,16426,16462,5682688,2790114,2817913,74661,183756,99782,83974,107946,61976,45970,75810,37806,38004,2996,1052,1944
  2018 Jul,32706,16358,16348,5723094,2877561,2764491,81042,183337,98504,84833,108464,61509,46955,74874,36996,37878,2944,1037,1907
  2018 Jun,31874,15931,15943,5565775,2797378,2700106,68291,170551,92080,78471,101973,57915,44058,68578,34165,34413,2889,978,1911
  2018 May,32332,16163,16169,5294980,2593978,2644254,56748,180488,96753,83735,104567,59756,44811,75922,36997,38924,3206,1545,1661
  2018 Apr,31990,15993,15997,5430745,2732843,2640693,57209,179411,96728,82682,105903,60489,45414,73507,36240,37268,3489,1093,2396
  2018 Mar,32585,16285,16300,5555117,2745173,2760196,49748,187547,102428,85119,111324,63987,47337,76223,38441,37782,3778,1211,2567
  2018 Feb,29701,14855,14846,4932345,2428368,2461291,42686,148934,80249,68685,87762,50367,37395,61172,29882,31290,2786,989,1797
  2018 Jan,32486,16251,16235,5303639,2714369,2525462,63808,175594,95974,79619,104233,60164,44069,71361,35810,35551,3859,1218,2641
  2017 Dec,32956,16468,16488,5861990,2941403,2866096,54491,188742,102536,86206,112168,64477,47691,76574,38059,38515,4119,1303,2816
  2017 Nov,31140,15569,15571,5173747,2520209,2606883,46655,191677,104094,87582,109709,62992,46716,81968,41102,40866,3768,1211,2557
  2017 Oct,31733,15871,15862,5155327,2549697,2546111,59519,185829,100033,85796,106505,60584,45921,79324,39450,39875,3200,1018,2182
  2017 Sep,30492,15245,15247,4927561,2472650,2389930,64981,183559,99228,84331,107281,60836,46445,76278,38392,37886,3366,1067,2299
  2017 Aug,31747,15866,15881,5265703,2572191,2631532,61980,180594,97761,82833,106228,60537,45691,74366,37224,37142,2949,1022,1927
  2017 Jul,31908,15960,15948,5415734,2725701,2620083,69950,179550,96410,83141,108063,60405,47658,71487,36005,35482,3113,1101,2012
  2017 Jun,30915,15448,15467,5208779,2602663,2550518,55598,172040,92154,79886,101294,57405,43889,70747,34750,35997,2952,1013,1939
  2017 May,31197,15601,15596,5003578,2469051,2489147,45380,177336,96958,80378,101489,59164,42326,75847,37794,38053,3359,1122,2237
  2017 Apr,30569,15281,15288,5168548,2573280,2549877,45391,171716,94333,77383,101178,58377,42801,70538,35956,34583,3223,1126,2097
  2017 Mar,30916,15454,15462,5112576,2543155,2525511,43910,188626,103454,85172,109176,63704,45472,79450,39750,39700,3430,1268,2162
  2017 Feb,28032,14024,14008,4669729,2348046,2281794,39889,146866,80438,66427,88155,50710,37446,58710,29728,28982,2817,1079,1738
  2017 Jan,31596,15804,15792,5256301,2642038,2556029,58234,158691,88349,70342,91508,53453,38055,67182,34895,32287,3478,1285,2193
  2016 Dec,31974,15988,15986,5676648,2838114,2786523,52011,177355,97505,79850,104434,60383,44051,72922,37123,35799,3860,1457,2403
  2016 Nov,29708,14848,14860,4784818,2333956,2409220,41642,173174,94516,78658,98300,55956,42344,74874,38560,36314,3500,1380,2120
  2016 Oct,30614,15324,15290,4768937,2347744,2368664,52529,176958,96388,80570,100140,57302,42838,76818,39086,37732,3113,1306,1807
  2016 Sep,29330,14659,14671,4584383,2258798,2279281,46304,167102,90914,76188,97308,56030,41277,69794,34883,34911,2847,1156,1691
  2016 Aug,30257,15139,15118,4923309,2438966,2438273,46070,163146,89609,73537,92168,54392,37776,70978,35217,35761,2743,1117,1626
  2016 Jul,30793,15392,15401,5181108,2609912,2521603,49593,161446,89264,72182,93860,55339,38520,67587,33925,33662,2780,1110,1670
  2016 Jun,29345,14672,14673,4838307,2425547,2371241,41519,163070,89695,73376,94188,55268,38920,68883,34427,34456,2818,1120,1698
  2016 May,30221,15114,15107,4781918,2366789,2377533,37596,157513,88582,68931,88182,53612,34570,69330,34969,34361,3049,1187,1862
  2016 Apr,29460,14722,14738,4793662,2384191,2366216,43255,164531,90487,74044,94275,55307,38968,70256,35179,35077,3286,1254,2032
  2016 Mar,30125,15061,15064,4902767,2437156,2422486,43125,171182,94346,76837,96086,56971,39115,75096,37375,37722,3281,1249,2032
  2016 Feb,28518,14260,14258,4602026,2272357,2293676,35993,136096,75421,60675,77116,46369,30747,58980,29052,29928,2558,996,1562
  2016 Jan,30145,15072,15073,4860156,2490196,2319262,50698,157859,87273,70586,87783,52130,35652,70076,35142,34934,3055,1569,1486
  2015 Dec,30621,15306,15315,5293165,2643838,2604316,45011,163639,89302,74337,91807,53483,38324,71832,35819,36013,3654,1446,2208
  2015 Nov,28729,14365,14364,4636752,2255303,2343936,37513,160482,87839,72643,88137,51960,36177,72345,35879,36466,3307,1328,1979
  2015 Oct,29610,14803,14807,4600789,2275334,2278858,46597,162495,88227,74269,92380,53054,39326,70116,35172,34943,3199,1337,1862
  2015 Sep,28464,14232,14232,4421554,2177750,2192314,51490,155058,84352,70706,88289,50960,37329,66769,33392,33377,2859,1258,1601
  2015 Aug,29606,14814,14792,4955301,2453913,2447055,54333,151647,82970,68677,87214,51220,35994,64434,31750,32684,2725,1213,1512
  2015 Jul,29412,14699,14713,4893574,2453899,2381169,58506,147527,83093,64434,88748,52672,36076,58779,30421,28358,2642,1177,1465
  2015 Jun,28531,14265,14266,4699589,2372653,2278717,48219,151304,82191,69113,88875,51287,37588,62429,30904,31525,2605,1140,1465
  2015 May,29042,14519,14523,4480261,2177764,2250744,51753,157046,86951,70096,91842,54176,37665,65205,32775,32430,2708,1184,1524
  2015 Apr,28256,14126,14130,4391381,2181441,2151585,58355,153448,83906,69541,91091,52790,38301,62357,31117,31240,2488,1096,1392
  2015 Mar,28793,14390,14403,4535119,2237167,2245963,51989,162660,89020,73639,98133,56968,41165,64527,32053,32474,2598,1113,1485
  2015 Feb,26491,13249,13242,4121357,2018729,2056989,45639,135965,75577,60389,79904,47744,32160,56062,27833,28229,2252,975,1277
  2015 Jan,28779,14384,14395,4420122,2243305,2112813,64004,151814,81868,69946,90559,51235,39324,61256,30633,30622,2808,1193,1615
  2014 Dec,29711,14862,14849,5093465,2548964,2488481,56020,158629,85783,72845,95041,54609,40433,63587,31174,32413,3524,1444,2080
  2014 Nov,28031,14011,14020,4415710,2134128,2233049,48533,156535,80860,75676,92336,50786,41549,64200,30073,34126,3135,1237,1898
  2014 Oct,28380,14191,14189,4490180,2209537,2219441,61202,159695,86550,73145,96100,54881,41219,63595,31669,31926,3007,1143,1864
  2014 Sep,27024,13506,13518,4256229,2093056,2094124,69049,147780,83012,64768,89190,52414,36775,58590,30597,27993,2947,1198,1749
  2014 Aug,28356,14179,14177,4649022,2277703,2291337,79982,156030,84774,71255,93653,53555,40098,62377,31219,31158,3239,1274,1965
  2014 Jul,28205,14093,14112,4581591,2274043,2221346,86202,155017,85558,69460,95362,55437,39925,59656,30121,29535,3041,1183,1858
  2014 Jun,28130,14066,14064,4654569,2302985,2283458,68126,154729,84215,70514,93757,54051,39707,60972,30164,30808,2800,1081,1719
  2014 May,28933,14465,14468,4368639,2130910,2169010,68719,157499,86679,70821,92778,54247,38531,64722,32432,32290,2936,1139,1797
  2014 Apr,28358,14177,14181,4383872,2159701,2155835,68336,151069,82325,68744,91425,52728,38698,59643,29598,30046,3088,1145,1943
  2014 Mar,29141,14580,14561,4493991,2211879,2219050,63062,169749,93187,76563,99155,58016,41139,70594,35170,35424,3112,1217,1895
  2014 Feb,26764,13375,13389,4109038,2060429,1988492,60117,126759,69580,57179,78283,45385,32898,48476,24195,24281,2407,913,1494
  2014 Jan,30353,15175,15178,4596764,2265436,2256458,74870,150308,82037,68271,88383,50674,37708,61926,31363,30562,3095,1194,1901
  2013 Dec,30923,15460,15463,5119439,2572554,2483789,63096,156423,85180,71244,92640,53697,38943,63784,31483,32301,3516,1263,2253
  2013 Nov,29505,14747,14758,4464415,2164238,2242642,57535,160007,86645,73362,92348,52721,39627,67659,33924,33735,3357,1235,2122
  2013 Oct,29485,14741,14744,4405289,2150448,2183361,71480,156336,85076,71261,93370,53609,39761,62966,31467,31500,3091,1230,1861
  2013 Sep,28441,14219,14222,4279588,2115158,2086775,77655,151815,81925,69889,90456,51394,39062,61359,30531,30828,2762,1153,1609
  2013 Aug,29613,14800,14813,4678005,2300798,2297446,79761,149873,81808,68065,89611,51689,37922,60261,30118,30143,2794,1178,1616
  2013 Jul,28955,14483,14472,4536572,2263773,2189193,83606,158874,86847,72027,94748,54956,39791,64127,31891,32235,2732,1174,1558
  2013 Jun,28283,14136,14147,4669334,2315861,2282765,70708,155106,84160,70947,93481,53368,40113,61625,30791,30834,2643,1126,1517
  2013 May,28451,14218,14233,4281153,2091320,2124178,65655,152193,83107,69085,91223,52569,38654,60970,30539,30431,2934,1234,1700
  2013 Apr,27544,13781,13763,4240461,2112175,2060941,67345,150135,80847,69289,88136,49834,38302,62000,31012,30987,2861,1224,1637
  2013 Mar,28423,14203,14220,4608339,2251713,2252444,104182,171922,92352,79570,99032,55915,43117,72890,36437,36453,3313,1393,1920
  2013 Feb,25939,12967,12972,4117962,2001547,2020099,96316,130244,70381,59863,74679,42724,31955,55565,27656,27908,2561,1133,1428
  2013 Jan,28203,14095,14108,4325530,2160774,2051368,113388,144774,77480,67294,84396,47235,37161,60378,30246,30133,3182,1429,1753
  2012 Dec,28958,14483,14475,4916197,2441550,2367320,107327,157018,84450,72568,90607,51659,38948,66410,32791,33620,3805,1699,2106
  2012 Nov,27593,13786,13807,4365456,2102448,2168916,94092,156346,84085,72261,88572,50210,38362,67774,33874,33899,3309,1445,1864
  2012 Oct,27641,13837,13804,4268532,2075010,2084166,109356,153625,81872,71752,88252,49516,38736,65373,32356,33016,3067,1406,1661
  2012 Sep,26526,13257,13269,4002344,1949613,1933488,119243,155834,82879,72955,91008,50286,40723,64826,32593,32233,2846,1312,1534
  2012 Aug,27381,13688,13693,4276912,2079441,2079477,117994,150753,80483,70270,87466,48810,38656,63287,31673,31614,2866,1281,1585
  2012 Jul,27093,13543,13550,4360693,2148193,2090097,122403,157172,83923,73248,91374,51217,40158,65797,32706,33091,2760,1262,1498
  2012 Jun,26662,13325,13337,4402693,2184433,2107380,110880,153330,82126,71204,90221,50400,39821,63109,31726,31383,2693,1163,1530
  2012 May,26990,13494,13496,4089894,1972646,2014832,102416,152884,81679,71205,89871,50470,39401,63013,31209,31804,2947,1283,1664
  2012 Apr,26410,13213,13197,4206420,2054888,2043602,107930,148243,78613,69631,87470,48539,38931,60773,30074,30700,2747,1233,1514
  2012 Mar,26981,13482,13499,4277559,2087238,2091947,98374,163170,87084,76086,95552,53390,42162,67618,33694,33924,3095,1318,1777
  2012 Feb,24903,12451,12452,3770270,1851000,1835669,83601,143903,76678,67225,86677,48053,38624,57226,28624,28601,2700,1172,1528
  2012 Jan,27584,13790,13794,4244834,2109494,2036751,98589,136843,71971,64872,77620,42715,34904,59223,29256,29968,2797,1216,1581
  2011 Dec,27654,13826,13828,4525348,2242263,2192763,90322,166607,88164,78443,92472,51523,40949,74135,36641,37495,3678,1642,2036
  2011 Nov,25923,12961,12962,3890535,1865818,1942754,81963,160206,84790,75416,87823,48910,38913,72382,35879,36503,3283,1452,1831
  2011 Oct,26270,13134,13136,3878788,1893500,1887140,98148,163114,86053,77061,90549,50047,40502,72566,36006,36559,3021,1345,1676
  2011 Sep,25513,12749,12764,3817720,1861845,1849324,106551,154359,81046,73313,89327,48457,40870,65032,32589,32443,2845,1226,1619
  2011 Aug,25708,12855,12853,3855722,1871360,1882601,101761,153120,81566,71554,89468,50191,39278,63651,31375,32276,2907,1267,1640
  2011 Jul,25908,12949,12959,4172971,2056049,2004277,112645,160120,85423,74697,95727,53271,42457,64393,32152,32240,2728,1143,1585
  2011 Jun,25059,12526,12533,4011823,1990616,1927832,93375,153208,80432,72776,93492,50857,42635,59716,29576,30141,2588,1077,1511
  2011 May,24994,12499,12495,3773137,1818880,1868316,85941,157286,83185,74101,94706,52171,42536,62579,31014,31565,2543,1083,1460
  2011 Apr,24266,12133,12133,3731875,1831259,1812308,88308,155812,81936,73875,93605,50854,42751,62206,31082,31124,2634,1083,1551
  2011 Mar,24403,12188,12215,3708592,1816430,1809121,83041,166148,85849,80299,100510,53242,47268,65638,32607,33031,2596,1054,1542
  2011 Feb,22013,11007,11006,3390264,1670471,1641378,78415,128048,67217,60831,79108,42738,36370,48940,24479,24461,2144,928,1216
  2011 Jan,24000,12000,12000,3787070,1859658,1833300,94112,147224,77448,69775,90797,49263,41534,56427,28185,28241,2629,1062,1567
  2010 Dec,23839,11912,11927,4063874,2016952,1960366,86556,155832,80242,75590,95528,50545,44983,60303,29697,30607,2982,1178,1804
  2010 Nov,22372,11188,11184,3623080,1738373,1804273,80434,153180,79102,74078,91645,48836,42809,61535,30266,31269,2491,1025,1466
  2010 Oct,22488,11242,11246,3581850,1737287,1746190,98373,162408,83621,78787,97194,51119,46074,65215,32501,32713,2383,983,1400
  2010 Sep,21923,10961,10962,3393497,1644663,1650285,98549,151055,77525,73530,92701,48634,44067,58354,28891,29463,2126,855,1271
  2010 Aug,22368,11185,11183,3467630,1681797,1685022,100811,154513,81119,73394,95243,51841,43402,59270,29278,29992,2266,957,1309
  2010 Jul,22593,11288,11305,3673387,1794126,1767444,111817,158199,82864,75336,99325,53595,45730,58874,29269,29606,2239,936,1303
  2010 Jun,21833,10913,10920,3621082,1787760,1736874,96448,149827,77573,72254,94280,50116,44164,55548,27458,28090,2183,891,1292
  2010 May,22151,11079,11072,3389972,1613748,1688575,87649,153098,79865,73233,94993,51240,43753,58104,28625,29479,2251,918,1333
  2010 Apr,21303,10647,10656,3283071,1617186,1584955,80930,146849,76567,70282,93153,50044,43109,53696,26523,27172,2034,848,1186
  2010 Mar,21604,10804,10800,3448617,1674208,1691178,83231,157211,81577,75634,95840,51247,44593,61371,30330,31041,2149,881,1268
  2010 Feb,19617,9811,9806,3108244,1499346,1523687,85211,130578,68237,62340,78780,42641,36139,51798,25597,26201,1810,768,1042
  2010 Jan,21502,10739,10763,3384473,1681005,1598416,105052,141060,73111,67948,87999,46665,41334,53061,26446,26615,2278,924,1354
  2009 Dec,21885,10944,10941,3832328,1888091,1845636,98601,149726,75484,74241,92431,47375,45057,57294,28110,29185,2700,1087,1613
  2009 Nov,20661,10336,10325,3365250,1609236,1678740,77274,152567,78345,74222,89193,47214,41979,63374,31131,32243,2156,926,1230
  2009 Oct,20986,10489,10497,3320887,1602157,1619786,98944,154377,77921,76456,90721,46240,44481,63656,31680,31976,2361,994,1367
  2009 Sep,20115,10060,10055,3063650,1481373,1485967,96310,140790,71974,68815,83372,43527,39845,57418,28448,28970,2143,929,1214
  2009 Aug,20495,10252,10243,3162960,1529324,1534162,99474,140818,73312,67506,81040,43766,37274,59778,29545,30232,2210,988,1222
  2009 Jul,20264,10133,10131,3169720,1543389,1522370,103961,141541,73599,67941,80996,43426,37570,60544,30173,30371,2214,1044,1170
  2009 Jun,19071,9535,9536,3053035,1490813,1473188,89034,132492,70425,62066,75425,41746,33680,57066,28680,28386,2163,1008,1155
  2009 May,19711,9846,9865,2787124,1331036,1368755,87333,133442,70592,62850,74766,40899,33867,58676,29693,28983,2262,1040,1222
  2009 Apr,19625,9810,9815,2914509,1412496,1414252,87761,126293,64887,61406,70843,37611,33232,55450,27276,28174,2184,990,1194
  2009 Mar,19559,9780,9779,2901885,1396331,1420110,85444,132369,68856,63514,70340,38343,31997,62030,30513,31517,2314,1073,1241
  2009 Feb,17615,8810,8805,2558953,1249465,1228027,81461,112418,59129,53289,61659,33702,27957,50758,25427,25332,2072,956,1116
  2009 Jan,20373,10189,10184,3073677,1492315,1471977,109385,116961,62147,54814,62847,34722,28125,54114,27425,26689,2270,1076,1194
  2008 Dec,20771,10387,10384,3493890,1707899,1677129,108862,129462,66978,62484,71764,38644,33121,57697,28334,29363,3023,1467,1556
  2008 Nov,19193,9596,9597,3081842,1462377,1515958,103507,145815,75315,70500,80931,43045,37885,64884,32269,32615,2506,1190,1316
  2008 Oct,19664,9829,9835,3132419,1500119,1525034,107266,151278,77496,73782,87469,45764,41705,63809,31732,32076,2362,1120,1242
  2008 Sep,19009,9510,9499,2888892,1395361,1373939,119592,160899,80330,80569,92512,46529,45983,68387,33801,34586,2262,1079,1183
  2008 Aug,19673,9825,9848,3148362,1501358,1522964,124040,162918,83782,79136,93256,49021,44236,69662,34761,34901,2222,1060,1162
  2008 Jul,19697,9847,9850,3232007,1568864,1530938,132205,162776,83579,79197,94163,49541,44623,68613,34039,34574,2227,1051,1176
  2008 Jun,19103,9550,9553,3215021,1584192,1513040,117789,159065,82623,76442,92057,49410,42647,67008,33213,33795,2019,942,1077
  2008 May,19590,9794,9796,3134572,1482737,1534984,116851,160119,82736,77384,92543,49102,43441,67576,33634,33943,2107,979,1128
  2008 Apr,18884,9430,9454,3049449,1475385,1460867,113197,158041,79834,78207,92140,47638,44502,65901,32196,33705,2156,995,1161
  2008 Mar,19370,9688,9682,3264616,1575765,1565559,123292,169380,86898,82482,98179,51593,46586,71201,35305,35896,2078,969,1109
  2008 Feb,18104,9046,9058,2940491,1409338,1416975,114178,142358,73582,68777,83096,44204,38892,59263,29377,29885,1857,863,994
  2008 Jan,18868,9428,9440,3113263,1521835,1465433,125995,154828,78786,76042,93371,48141,45229,61457,30645,30813,2136,1006,1130
  2007 Dec,19339,9676,9663,3513762,1723309,1668761,121692,164691,84034,80658,95904,50472,45432,68787,33562,35226,2487,1227,1260
  2007 Nov,18515,9254,9261,3182693,1509807,1564788,108098,169881,86056,83826,96934,49824,47110,72947,36232,36715,2237,1069,1168
  2007 Oct,18950,9474,9476,3077064,1476108,1485531,115425,164386,83477,80909,96369,49584,46785,68017,33893,34125,2156,1019,1137
  2007 Sep,18194,9093,9101,2900307,1393988,1385013,121306,164422,82860,81562,95972,48827,47145,68450,34033,34417,2045,983,1062
  2007 Aug,18643,9321,9322,3111873,1486512,1498667,126694,161586,81941,79645,94659,48610,46049,66927,33331,33596,2011,976,1035
  2007 Jul,18622,9312,9310,3156243,1527157,1496093,132993,158940,81309,77631,92967,48666,44301,65973,32643,33330,1930,917,1013
  2007 Jun,18177,9081,9096,3125696,1540784,1467817,117095,157843,83443,74400,93232,50272,42960,64611,33171,31440,1945,917,1028
  2007 May,18561,9282,9279,2930477,1370474,1446780,113223,150215,76507,73708,88053,45820,42233,62162,30687,31475,1985,891,1094
  2007 Apr,18021,9008,9013,2968719,1423826,1419379,125514,154124,77386,76738,89565,45639,43926,64559,31747,32812,1687,748,939
  2007 Mar,18611,9302,9309,3071748,1458457,1478309,134982,168518,84747,83772,98776,49853,48923,69742,34893,34849,1773,741,1032
  2007 Feb,16661,8333,8328,2718900,1297496,1301969,119435,136561,69464,67097,80158,41551,38606,56403,27913,28490,1475,621,854
  2007 Jan,18452,9216,9236,2944074,1431639,1368539,143896,143599,72649,70950,88096,45289,42807,55502,27359,28143,1662,692,970
  2006 Dec,18987,9499,9488,3418062,1660695,1619943,137424,165740,83946,81794,100112,51890,48223,65628,32056,33571,2086,903,1183
  2006 Nov,18022,9005,9017,3024706,1422379,1482854,119473,172463,85273,87191,101016,50352,50664,71447,34920,36527,1739,734,1005
  2006 Oct,18398,9204,9194,2972562,1412937,1425977,133648,162502,81113,81390,97070,49049,48021,65432,32064,33369,1681,743,938
  2006 Sep,17625,8803,8822,2765037,1314222,1307632,143183,165053,81586,83467,99984,49183,50801,65069,32403,32666,1686,736,950
  2006 Aug,17992,8991,9001,2957866,1396172,1413682,148012,157096,79366,77730,96782,49547,47235,60314,29819,30494,1643,720,923
  2006 Jul,18018,9012,9006,3049601,1458461,1437317,153823,158262,79976,78286,97225,49740,47485,61037,30237,30801,1622,711,911
  2006 Jun,17561,8778,8783,2980106,1446210,1398481,135415,155230,77641,77589,95094,47713,47381,60136,29928,30208,1629,711,918
  2006 May,17962,8977,8985,2784615,1301587,1354092,128936,154678,77563,77115,93389,47361,46027,61289,30201,31088,1728,742,986
  2006 Apr,17672,8836,8836,2850395,1361586,1356139,132670,157340,78714,78627,94399,47671,46728,62941,31043,31898,1694,746,948
  2006 Mar,18164,9081,9083,2847456,1349776,1357895,139785,176349,86437,89912,107329,52396,54932,69020,34041,34979,1868,786,1082
  2006 Feb,16043,8013,8030,2545676,1218154,1195684,131838,140176,69017,71159,84639,41621,43017,55537,27396,28142,1574,658,916
  2006 Jan,17780,8893,8887,2837001,1335643,1340581,160777,146325,72244,74081,89816,44318,45498,56510,27926,28583,1717,731,986
  2005 Dec,17916,8956,8960,3103157,1504565,1445536,153056,166062,80121,85941,103147,49268,53880,62915,30853,32061,2448,1051,1397
  2005 Nov,17324,8661,8663,2801076,1332961,1337826,130289,160357,75146,85211,96553,43704,52850,63803,31442,32361,1942,830,1112
  2005 Oct,17371,8684,8687,2748919,1274683,1330026,144210,170118,81073,89045,103151,48134,55017,66967,32940,34028,1804,747,1057
  2005 Sep,16834,8415,8419,2654697,1252628,1247006,155063,160194,77368,82825,99431,47193,52239,60762,30176,30587,1771,710,1061
  2005 Aug,17400,8692,8708,2780426,1305078,1319753,155595,152381,74150,78232,92836,44998,47838,59546,29152,30394,1694,702,992
  2005 Jul,17523,8759,8764,2898656,1380241,1361777,156638,154830,76296,78533,93670,46222,47448,61160,30074,31086,1716,696,1020
  2005 Jun,17201,8595,8606,2806185,1365817,1308583,131785,149872,73215,76657,92254,44857,47397,57618,28358,29260,1546,635,911
  2005 May,17431,8718,8713,2608397,1222552,1254142,131703,145267,71766,73501,87838,43674,44163,57429,28092,29337,1475,640,835
  2005 Apr,16813,8404,8409,2561634,1208958,1218461,134215,150066,74176,75889,91207,45170,46038,58859,29007,29852,1678,712,966
  2005 Mar,16649,8315,8334,2628115,1238376,1251076,138663,155423,75610,79814,94636,46074,48562,60788,29535,31252,1679,701,978
  2005 Feb,15010,7501,7509,2307000,1088066,1094858,124076,127491,63528,63963,75534,37924,37610,51957,25603,26353,1443,627,816
  2005 Jan,16666,8335,8331,2532594,1190146,1187251,155197,141661,69692,71969,87702,43797,43905,53959,25896,28063,1693,758,935
  2004 Dec,16828,8413,8415,2956668,1442286,1365173,149209,153512,73996,79515,93915,45085,48829,59597,28911,30686,2211,996,1215
  2004 Nov,16094,8046,8048,2712571,1259116,1321682,131773,149297,73059,76238,87389,42701,44688,61908,30358,31550,1797,766,1031
  2004 Oct,16352,8174,8178,2562470,1201403,1206514,154553,161287,79469,81818,95790,47163,48627,65497,32306,33191,1844,876,968
  2004 Sep,15569,7780,7789,2441242,1142316,1139069,159857,155802,75690,80111,95086,45725,49362,60716,29966,30750,1682,722,960
  2004 Aug,15850,7930,7920,2597601,1211115,1221072,165414,147398,72406,74992,90618,44533,46085,56780,27872,28907,1563,688,875
  2004 Jul,15809,7899,7910,2679107,1266151,1244083,168873,151494,75399,76094,93603,46824,46780,57891,28576,29315,1684,743,941
  2004 Jun,15273,7632,7641,2603192,1259022,1200630,143540,149699,72388,77311,92225,44741,47485,57474,27647,29827,1581,679,902
  2004 May,15490,7746,7744,2375387,1101155,1144279,129953,147718,73942,73776,89288,45104,44184,58430,28838,29592,1618,732,886
  2004 Apr,14768,7381,7387,2370567,1125848,1109709,135010,142513,70276,72236,89009,43990,45020,53503,26287,27216,1678,712,966
  2004 Mar,14724,7356,7368,2365455,1110753,1119126,135576,156032,75464,80568,95641,46175,49466,60391,29289,31102,1782,775,1007
  2004 Feb,13481,6735,6746,2173157,1031209,1019034,122914,136378,67524,68855,84194,41708,42486,52184,25816,26368,1602,713,889
  2004 Jan,14695,7345,7350,2516148,1185984,1179304,150860,123962,60969,62993,77668,38092,39575,46295,22877,23418,1590,716,874
  2003 Dec,14624,7309,7315,2702681,1313217,1243790,145674,141458,69439,72019,87111,42884,44227,54347,26555,27793,2251,1019,1232
  2003 Nov,14005,7003,7002,2404322,1109916,1154419,139987,143868,70356,73512,87401,42716,44685,56466,27640,28826,1980,868,1112
  2003 Oct,13422,6713,6709,2301146,1079953,1078120,143073,150641,73101,77541,90902,43711,47191,59740,29390,30349,1766,785,981
  2003 Sep,12498,6241,6257,2243004,1052973,1050899,139132,141322,68008,73314,85881,41009,44872,55441,27000,28442,1562,715,847
  2003 Aug,12377,6187,6190,2258839,1060772,1056101,141966,132846,66107,66739,81853,40457,41396,50993,25650,25342,1558,740,818
  2003 Jul,11727,5860,5867,2121034,994704,984493,141837,130797,65411,65386,80472,40289,40183,50326,25122,25204,1572,746,826
  2003 Jun,9859,4928,4931,1527529,707534,706953,113042,127175,64636,62540,79298,40586,38712,47878,24050,23827,1562,741,821
  2003 May,9555,4782,4773,1003619,447755,460853,95011,125909,64516,61393,77035,39923,37113,48874,24593,24280,1640,784,856
  2003 Apr,11780,5884,5896,1168611,531247,539731,97633,129669,64548,65121,78430,39179,39250,51239,25369,25871,1723,806,917
  2003 Mar,15254,7636,7618,2217884,1053850,1062293,101741,145295,73118,72176,87587,44053,43534,57708,29066,28642,1934,870,1064
  2003 Feb,13977,6994,6983,2242013,1075361,1051667,114985,115585,59194,56391,67849,35281,32567,47736,23912,23824,1562,735,827
  2003 Jan,15268,7636,7632,2473455,1160294,1165792,147369,126841,64622,62219,79592,40722,38870,47249,23899,23349,1893,896,997
  2002 Dec,15374,7690,7684,2751358,1341856,1266703,142799,135989,69856,66133,83786,44044,39742,52203,25812,26391,2277,1039,1238
  2002 Nov,14666,7326,7340,2349313,1094579,1139261,115473,145988,72705,73283,89233,44404,44828,56755,28301,28455,2004,925,1079
  2002 Oct,15050,7519,7531,2398719,1121857,1134406,142456,147325,73929,73396,90796,45483,45314,56529,28447,28082,1994,919,1075
  2002 Sep,14420,7207,7213,2345354,1105115,1097050,143189,138893,69676,69217,86825,43542,43283,52068,26134,25934,1851,873,978
  2002 Aug,14867,7428,7439,2496030,1165727,1182849,147454,138618,70257,68361,88677,45056,43621,49941,25201,24740,1920,903,1017
  2002 Jul,14796,7393,7403,2478260,1169308,1158854,150098,138535,69987,68547,89438,45554,43884,49096,24433,24663,1828,863,965
  2002 Jun,14299,7153,7146,2456221,1199064,1127989,129168,141246,71239,70007,90848,46231,44616,50398,25007,25391,1659,777,882
  2002 May,14784,7386,7398,2393972,1113677,1155074,125221,134925,69868,65056,85450,45044,40406,49475,24825,24650,1756,800,956
  2002 Apr,14187,7091,7096,2340976,1112304,1101439,127233,134568,68846,65722,85603,44361,41242,48965,24485,24480,1730,800,930
  2002 Mar,14587,7292,7295,2496235,1177316,1184705,134214,146873,75412,71461,92048,47007,45041,54826,28406,26420,2003,893,1110
  2002 Feb,13227,6615,6612,2207855,1042812,1049097,115946,115464,61347,54117,71397,39181,32216,44067,22166,21901,1607,728,879
  2002 Jan,14563,7279,7284,2265051,1083620,1049667,131764,119374,61368,58006,78331,40420,37911,41042,20948,20094,1979,922,1057
  2001 Dec,14848,7422,7426,2513005,1219468,1168811,124726,127995,65904,62092,80237,42235,38002,47758,23669,24089,2628,1210,1418
  2001 Nov,14302,7145,7157,2094570,978632,1010378,105560,130234,65878,64355,80807,41392,39415,49426,24486,24940,2153,1051,1102
  2001 Oct,14898,7445,7453,2096942,986199,989953,120790,130741,66969,63773,83886,43656,40229,46856,23312,23543,1942,924,1018
  2001 Sep,14818,7408,7410,2285790,1081657,1069052,135081,128242,65900,62342,82830,43151,39680,45411,22749,22662,1733,826,907
  2001 Aug,15377,7698,7679,2481805,1170932,1177845,133028,127929,66837,61092,83382,44768,38615,44547,22069,22478,1750,840,910
  2001 Jul,15393,7722,7671,2513806,1195365,1165466,152975,121135,64393,56742,78597,43362,35235,42538,21030,21508,1772,833,939
  2001 Jun,15092,7558,7534,2447201,1195115,1128957,123129,122891,64579,58311,81279,43641,37638,41611,20938,20673,1778,844,934
  2001 May,15503,7754,7749,2300020,1082517,1100331,117172,120527,63725,56802,80325,43812,36513,40202,19914,20289,1857,884,973
  2001 Apr,14893,7449,7444,2314821,1095673,1092985,126163,120744,63539,57205,79243,42821,36422,41501,20718,20783,1795,840,955
  2001 Mar,15284,7633,7651,2451966,1158157,1159572,134237,137646,69790,67855,89131,45756,43374,48515,24034,24481,1916,883,1033
  2001 Feb,13699,6849,6850,2126733,1004780,994565,127388,123132,62492,60640,79587,41027,38560,43545,21465,22080,1739,801,938
  2001 Jan,15253,7623,7630,2467100,1164672,1150647,151781,115847,60632,55215,77532,41594,35937,38315,19038,19277,1805,829,976
  2000 Dec,15138,7558,7580,2614036,1272897,1208339,132800,141361,73213,68148,95276,50384,44892,46085,22829,23256,2709,1241,1468
  2000 Nov,14601,7297,7304,2426484,1133556,1169795,123133,145841,73779,72061,97057,49400,47656,48784,24379,24405,2185,1025,1160
  2000 Oct,14941,7464,7477,2410924,1142458,1128522,139944,149912,75362,74550,100633,51037,49596,49279,24325,24954,1899,902,997
  2000 Sep,14401,7179,7222,2380969,1121235,1119842,139892,148364,73351,75013,101143,50083,51060,47221,23268,23953,1896,907,989
  2000 Aug,14796,7379,7417,2466113,1158741,1162433,144939,144776,71890,72886,98894,49083,49811,45882,22807,23075,1803,885,918
  2000 Jul,14726,7351,7375,2473812,1180515,1151979,141318,146688,76466,70222,101048,53129,47918,45640,23336,22304,1824,897,927
  2000 Jun,14324,7151,7173,2419411,1174014,1117007,128390,140090,70702,69388,96219,48808,47411,43871,21894,21977,1746,862,884
  2000 May,14523,7254,7269,2271392,1056417,1079456,135519,137665,69244,68421,93726,47472,46254,43939,21772,22168,1813,901,912
  2000 Apr,14189,7090,7099,2371910,1118255,1111754,141901,137465,67743,69722,92089,45351,46737,45377,22392,22985,1781,696,1085
  2000 Mar,14517,7248,7269,2345783,1100033,1107395,138355,147184,72265,74920,100229,48972,51257,46955,23293,23662,1867,899,968
  2000 Feb,13648,6828,6820,2215569,1042395,1036844,136330,122269,61985,60284,80781,41372,39408,41488,20612,20876,1645,785,860
  2000 Jan,14152,7054,7098,2221797,1045092,1025209,151496,120874,62269,58605,84064,43925,40139,36810,18343,18466,1753,847,906
  1999 Dec,14448,7235,7213,2386023,1162625,1091386,132012,na,na,na,na,na,na,na,na,na,2527,1203,1324
  1999 Nov,13780,6884,6896,2309505,1065899,1116539,127067,na,na,na,na,na,na,na,na,na,1831,950,881
  1999 Oct,14080,7040,7040,2220387,1045569,1040286,134532,na,na,na,na,na,na,na,na,na,2067,957,1110
  1999 Sep,13605,6791,6814,2147672,999213,1008397,140062,na,na,na,na,na,na,na,na,na,1850,885,965
  1999 Aug,14008,7003,7005,2278976,1064156,1067895,146925,na,na,na,na,na,na,na,na,na,1725,837,888
  1999 Jul,14089,7051,7038,2229213,1051683,1036337,141193,na,na,na,na,na,na,na,na,na,1810,867,943
  1999 Jun,13796,6891,6905,2241423,1074059,1049689,117675,na,na,na,na,na,na,na,na,na,1800,885,915
  1999 May,14044,7016,7028,2024338,946610,957522,120206,na,na,na,na,na,na,na,na,na,1810,882,928
  1999 Apr,13604,6804,6800,2002629,952797,935699,114133,na,na,na,na,na,na,na,na,na,1783,855,928
  1999 Mar,14001,6997,7004,2158459,1002099,1020011,136349,na,na,na,na,na,na,na,na,na,1893,914,979
  1999 Feb,12675,6339,6336,1973070,921602,931078,120390,na,na,na,na,na,na,na,na,na,1617,779,838
  1999 Jan,13831,6919,6912,2092950,990089,958437,144424,na,na,na,na,na,na,na,na,na,1868,872,996
  1998 Dec,13971,6992,6979,2330210,1120795,1078606,130809,na,na,na,na,na,na,na,na,na,2603,1235,1368
  1998 Nov,13601,6791,6810,2037230,941033,977757,118440,na,na,na,na,na,na,na,na,na,1992,956,1036
  1998 Oct,13957,6978,6979,2008947,946332,945538,117077,na,na,na,na,na,na,na,na,na,1978,951,1027
  1998 Sep,13348,6670,6678,1902633,892006,897489,113138,na,na,na,na,na,na,na,na,na,1854,899,955
  1998 Aug,13706,6853,6853,2082829,983613,986561,112655,na,na,na,na,na,na,na,na,na,1765,847,918
  1998 Jul,13782,6885,6897,1977846,944507,926897,106442,na,na,na,na,na,na,na,na,na,1774,859,915
  1998 Jun,13431,6711,6720,2017927,974009,950539,93379,na,na,na,na,na,na,na,na,na,1660,811,849
  1998 May,14287,7150,7137,1945342,929296,917695,98351,na,na,na,na,na,na,na,na,na,1658,817,841
  1998 Apr,13560,6774,6786,1913054,903140,908228,101686,na,na,na,na,na,na,na,na,na,1658,826,832
  1998 Mar,14033,7010,7023,1895942,898977,900217,96748,na,na,na,na,na,na,na,na,na,1778,846,932
  1998 Feb,12882,6435,6447,1752422,864256,800833,87333,na,na,na,na,na,na,na,na,na,1547,758,789
  1998 Jan,14684,7341,7343,1938798,893575,940633,104590,na,na,na,na,na,na,na,na,na,1667,775,892
  1997 Dec,14922,7451,7471,2286910,1125823,1063558,97529,na,na,na,na,na,na,na,na,na,2370,1154,1216
  1997 Nov,14354,7181,7173,2007658,949830,965003,92825,na,na,na,na,na,na,na,na,na,1876,937,939
  1997 Oct,14505,7234,7271,1913596,896778,909278,107540,na,na,na,na,na,na,na,na,na,1895,930,965
  1997 Sep,14161,7084,7077,2056664,966847,972054,117763,na,na,na,na,na,na,na,na,na,1851,998,853
  1997 Aug,14634,7314,7320,2165016,1020296,1021266,123454,na,na,na,na,na,na,na,na,na,1692,798,894
  1997 Jul,14700,7341,7359,2204621,1044618,1029710,130293,na,na,na,na,na,na,na,na,na,1760,867,893
  1997 Jun,14319,7161,7158,2226839,1072036,1045290,109513,na,na,na,na,na,na,na,na,na,1683,811,872
  1997 May,14667,7332,7335,2005959,947564,946377,112018,na,na,na,na,na,na,na,na,na,1830,886,944
  1997 Apr,14138,7058,7080,2005286,937720,958872,108694,na,na,na,na,na,na,na,na,na,1732,844,888
  1997 Mar,14593,7285,7308,2194442,1030349,1035933,128160,na,na,na,na,na,na,na,na,na,1877,987,890
  1997 Feb,13299,6648,6651,2065920,970646,981281,113993,na,na,na,na,na,na,na,na,na,1483,750,733
  1997 Jan,14380,7187,7193,2041433,953462,954637,133334,na,na,na,na,na,na,na,na,na,1741,851,890
  1996 Dec,14558,7276,7282,2406169,1172766,1106650,126753,na,na,na,na,na,na,na,na,na,2546,1236,1310
  1996 Nov,13857,6932,6925,2144333,992707,1032240,119386,na,na,na,na,na,na,na,na,na,2036,996,1040
  1996 Oct,14091,7046,7045,2010634,946843,950785,113006,na,na,na,na,na,na,na,na,na,1788,887,901
  1996 Sep,13588,6788,6800,1908094,897453,897118,113523,na,na,na,na,na,na,na,na,na,1648,825,823
  1996 Aug,14094,7046,7048,2137310,1004871,1012813,119626,na,na,na,na,na,na,na,na,na,1598,800,798
  1996 Jul,14150,7066,7084,2067977,975918,973026,119033,na,na,na,na,na,na,na,na,na,1649,834,815
  1996 Jun,13790,6897,6893,2128942,1053528,966837,108577,na,na,na,na,na,na,na,na,na,1594,813,781
  1996 May,14165,7077,7088,1918785,890622,916754,111409,na,na,na,na,na,na,na,na,na,1645,813,832
  1996 Apr,13606,6804,6802,1942508,895006,934467,113035,na,na,na,na,na,na,na,na,na,1488,852,636
  1996 Mar,13823,6904,6919,2036719,965904,955028,115787,na,na,na,na,na,na,na,na,na,1687,833,854
  1996 Feb,13259,6627,6632,1919938,901146,914826,103966,na,na,na,na,na,na,na,na,na,1551,764,787
  1996 Jan,13768,6882,6886,1892839,890630,881864,120345,na,na,na,na,na,na,na,na,na,1722,919,803
  1995 Dec,14152,7072,7080,2220703,1084845,1019102,116756,na,na,na,na,na,na,na,na,na,2327,1124,1203
  1995 Nov,13461,6715,6746,2003006,924870,962035,116101,na,na,na,na,na,na,na,na,na,1801,883,918
  1995 Oct,13303,6659,6644,1934830,915900,903808,115122,na,na,na,na,na,na,na,na,na,1668,829,839
  1995 Sep,12785,6386,6399,1919314,904812,896937,117565,na,na,na,na,na,na,na,na,na,1616,786,830
  1995 Aug,13237,6621,6616,2077971,971243,982254,124474,na,na,na,na,na,na,na,na,na,1519,756,763
  1995 Jul,13195,6593,6602,2016698,953656,939947,123095,na,na,na,na,na,na,na,na,na,1426,775,651
  1995 Jun,12773,6387,6386,1940256,942016,877438,120802,na,na,na,na,na,na,na,na,na,1402,708,694
  1995 May,13047,6515,6532,1794882,824853,846846,123183,na,na,na,na,na,na,na,na,na,1513,773,740
  1995 Apr,12806,6401,6405,1783931,818419,825001,140511,na,na,na,na,na,na,na,na,na,1429,722,707
  1995 Mar,13002,6496,6506,1891114,887759,886766,116589,na,na,na,na,na,na,na,na,na,1571,772,799
  1995 Feb,11755,5878,5877,1731013,832140,790132,108741,na,na,na,na,na,na,na,na,na,1321,653,668
  1995 Jan,12818,6411,6407,1882522,859226,893191,130105,na,na,na,na,na,na,na,na,na,1470,739,731
  1994 Dec,12954,6469,6485,2070869,1015697,934684,120488,na,na,na,na,na,na,na,na,na,2154,1077,1077
  1994 Nov,12363,6174,6189,1837525,849365,869041,119119,na,na,na,na,na,na,na,na,na,1732,880,852
  1994 Oct,12413,6206,6207,1783161,833020,829619,120522,na,na,na,na,na,na,na,na,na,1485,755,730
  1994 Sep,11941,5976,5965,1767093,818304,829102,119687,na,na,na,na,na,na,na,na,na,1475,741,734
  1994 Aug,12242,6119,6123,1953458,906320,914258,132880,na,na,na,na,na,na,na,na,na,1366,688,678
  1994 Jul,12241,6047,6194,1879921,874790,882883,122248,na,na,na,na,na,na,na,na,na,1182,505,677
  1994 Jun,11920,5946,5974,1811503,864228,820524,126751,na,na,na,na,na,na,na,na,na,1291,652,639
  1994 May,12175,6089,6086,1648928,760151,773453,115324,na,na,na,na,na,na,na,na,na,1248,640,608
  1994 Apr,11797,5890,5907,1693219,786429,791887,114903,na,na,na,na,na,na,na,na,na,1213,628,585
  1994 Mar,12091,6040,6051,1833797,853195,861838,118764,na,na,na,na,na,na,na,na,na,1374,702,672
  1994 Feb,11212,5600,5612,1674645,783258,781089,110298,na,na,na,na,na,na,na,na,na,1184,622,562
  1994 Jan,11985,6009,5976,1690558,789343,780159,121056,na,na,na,na,na,na,na,na,na,1235,648,587
  1993 Dec,12256,6120,6136,1950841,948383,892547,109911,na,na,na,na,na,na,na,na,na,1705,982,723
  1993 Nov,11592,5801,5791,1738822,802417,819798,116607,na,na,na,na,na,na,na,na,na,1397,733,664
  1993 Oct,11729,5861,5868,1658633,781943,774343,102347,na,na,na,na,na,na,na,na,na,1312,704,608
  1993 Sep,11235,5613,5622,1608241,748803,759440,99998,na,na,na,na,na,na,na,na,na,1204,657,547
  1993 Aug,11702,5857,5845,1825434,858063,856647,110724,na,na,na,na,na,na,na,na,na,1106,590,516
  1993 Jul,11681,5837,5844,1717189,810358,799070,107761,na,na,na,na,na,na,na,na,na,1173,641,532
  1993 Jun,11308,5645,5663,1717822,837562,788317,91943,na,na,na,na,na,na,na,na,na,1059,587,472
  1993 May,11544,5757,5787,1537191,713533,741742,81916,na,na,na,na,na,na,na,na,na,1257,668,589
  1993 Apr,11181,5588,5593,1565152,735878,738391,90883,na,na,na,na,na,na,na,na,na,1141,618,523
  1993 Mar,11192,5611,5581,1597919,750191,757973,89755,na,na,na,na,na,na,na,na,na,1184,616,568
  1993 Feb,10020,5007,5013,1419927,664491,668745,86691,na,na,na,na,na,na,na,na,na,1076,551,525
  1993 Jan,11322,5658,5664,1650043,769736,777957,102350,na,na,na,na,na,na,na,na,na,1072,580,492
  1992 Dec,11388,5696,5692,1732205,839139,801101,91965,na,na,na,na,na,na,na,na,na,1672,851,821
  1992 Nov,10804,5398,5406,1557646,717685,745416,94545,na,na,na,na,na,na,na,na,na,1282,642,640
  1992 Oct,10752,5370,5382,1473008,684323,687546,101139,na,na,na,na,na,na,na,na,na,1174,620,554
  1992 Sep,10415,5215,5200,1498673,695113,700838,102722,na,na,na,na,na,na,na,na,na,896,434,462
  1992 Aug,10741,5378,5363,1626682,750683,755605,120394,na,na,na,na,na,na,na,na,na,884,425,459
  1992 Jul,10703,5357,5346,1574162,735130,724192,114840,na,na,na,na,na,na,na,na,na,940,443,497
  1992 Jun,10222,5124,5098,1542834,740278,708571,93985,na,na,na,na,na,na,na,na,na,857,405,452
  1992 May,10475,5234,5241,1367468,636005,637599,93864,na,na,na,na,na,na,na,na,na,895,438,457
  1992 Apr,10001,4996,5005,1432848,669028,670441,93379,na,na,na,na,na,na,na,na,na,882,411,471
  1992 Mar,10093,5031,5062,1408279,647530,661903,98846,na,na,na,na,na,na,na,na,na,880,418,462
  1992 Feb,9736,4868,4868,1464483,685426,677454,101603,na,na,na,na,na,na,na,na,na,790,400,390
  1992 Jan,10196,5103,5093,1421867,645687,661555,114625,na,na,na,na,na,na,na,na,na,869,461,408
  1991 Dec,10340,5171,5169,1630134,792334,728274,109526,na,na,na,na,na,na,na,na,na,1113,580,533
  1991 Nov,9733,4867,4866,1475565,671302,691891,112372,na,na,na,na,na,na,na,na,na,723,478,245
  1991 Oct,9455,4721,4734,1403076,647559,638645,116872,na,na,na,na,na,na,na,na,na,685,444,241
  1991 Sep,9033,4515,4518,1391759,642882,640814,108063,na,na,na,na,na,na,na,na,na,813,417,396
  1991 Aug,9303,4643,4660,1505693,694305,690212,121176,na,na,na,na,na,na,na,na,na,814,428,386
  1991 Jul,9198,4597,4601,1405019,655008,636840,113171,na,na,na,na,na,na,na,na,na,829,402,427
  1991 Jun,8981,4482,4499,1467963,695234,671534,101195,na,na,na,na,na,na,na,na,na,831,398,433
  1991 May,9015,4510,4505,1246966,578018,570969,97979,na,na,na,na,na,na,na,na,na,875,404,471
  1991 Apr,8572,4286,4286,1238184,573539,572893,91752,na,na,na,na,na,na,na,na,na,831,411,420
  1991 Mar,8600,4295,4305,1200026,557524,555604,86898,na,na,na,na,na,na,na,na,na,839,400,439
  1991 Feb,7883,3945,3938,1087214,509004,506446,71764,na,na,na,na,na,na,na,na,na,690,348,342
  1991 Jan,8615,4307,4308,1233440,567832,575826,89782,na,na,na,na,na,na,na,na,na,670,324,346
  1990 Dec,8930,4466,4464,1482549,719356,665141,98052,na,na,na,na,na,na,na,na,na,1022,453,569
  1990 Nov,8433,4212,4221,1334484,613762,621951,98771,na,na,na,na,na,na,na,na,na,811,407,404
  1990 Oct,8337,4167,4170,1280024,593080,589980,96964,na,na,na,na,na,na,na,na,na,692,336,356
  1990 Sep,8009,3995,4014,1257513,578388,578910,100215,na,na,na,na,na,na,na,na,na,643,314,329
  1990 Aug,8214,4107,4107,1384333,634344,635086,114903,na,na,na,na,na,na,na,na,na,648,316,332
  1990 Jul,8123,4059,4064,1324661,614922,594662,115077,na,na,na,na,na,na,na,na,na,677,329,348
  1990 Jun,7930,3962,3968,1318779,625306,595200,98273,na,na,na,na,na,na,na,na,na,663,327,336
  1990 May,8250,4117,4133,1250117,568501,581977,99639,na,na,na,na,na,na,na,na,na,703,346,357
  1990 Apr,7891,3949,3942,1236082,569759,568366,97957,na,na,na,na,na,na,na,na,na,670,322,348
  1990 Mar,8130,4066,4064,1296306,593583,598589,104134,na,na,na,na,na,na,na,na,na,785,359,426
  1990 Feb,7358,3672,3686,1183722,550233,541693,91796,na,na,na,na,na,na,na,na,na,662,311,351
  1990 Jan,8070,4031,4039,1272188,575999,594792,101397,na,na,na,na,na,na,na,na,na,718,339,379
  1989 Dec,7944,3969,3975,1356621,643360,604453,108808,na,na,na,na,na,na,na,na,na,1101,501,600
  1989 Nov,7593,3790,3803,1244156,562760,582149,99247,na,na,na,na,na,na,na,na,na,856,385,471
  1989 Oct,7562,3786,3776,1196750,547632,546460,102658,na,na,na,na,na,na,na,na,na,834,377,457
  1989 Sep,7260,3628,3632,1195918,547359,545623,102936,na,na,na,na,na,na,na,na,na,773,345,428
  1989 Aug,7343,3665,3678,1240544,564009,568050,108485,na,na,na,na,na,na,na,na,na,750,335,415
  1989 Jul,7342,3670,3672,1222448,563253,556509,102686,na,na,na,na,na,na,na,na,na,737,352,385
  1989 Jun,7209,3605,3604,1171689,556166,524275,91248,na,na,na,na,na,na,na,na,na,755,351,404
  1989 May,7365,3683,3682,1100198,499419,516145,84634,na,na,na,na,na,na,na,na,na,790,364,426
  1989 Apr,7190,3588,3602,1089718,493376,505403,90939,na,na,na,na,na,na,na,na,na,799,386,413
  1989 Mar,7145,3573,3572,1160644,531121,538332,91191,na,na,na,na,na,na,na,na,na,773,368,405
  1989 Feb,6516,3256,3260,1050398,479227,488700,82471,na,na,na,na,na,na,na,na,na,671,296,375
  1989 Jan,6952,3481,3471,1107283,503277,506179,97827,na,na,na,na,na,na,na,na,na,764,331,433
  1988 Dec,7133,3565,3568,1216461,575657,543700,97104,na,na,na,na,na,na,na,na,na,1178,529,649
  1988 Nov,7069,3533,3536,1100585,490338,516054,94193,na,na,na,na,na,na,na,na,na,874,405,469
  1988 Oct,7048,3528,3520,1056306,478253,480302,97751,na,na,na,na,na,na,na,na,na,828,394,434
  1988 Sep,6792,3402,3390,1036348,459639,477259,99450,na,na,na,na,na,na,na,na,na,741,348,393
  1988 Aug,7240,3621,3619,1137586,503542,512148,121896,na,na,na,na,na,na,na,na,na,732,343,389
  1988 Jul,7147,3565,3582,1106853,492727,495765,118361,na,na,na,na,na,na,na,na,na,781,383,398
  1988 Jun,6856,3431,3425,1057159,489884,468964,98311,na,na,na,na,na,na,na,na,na,707,344,363
  1988 May,6975,3489,3486,968082,432584,450760,84738,na,na,na,na,na,na,na,na,na,679,337,342
  1988 Apr,6698,3351,3347,978738,441331,446776,90631,na,na,na,na,na,na,na,na,na,721,324,397
  1988 Mar,6727,3357,3370,1020237,460889,464304,95044,na,na,na,na,na,na,na,na,na,759,328,431
  1988 Feb,6516,3264,3252,947520,427020,432329,88171,na,na,na,na,na,na,na,na,na,675,302,373
  1988 Jan,6729,3361,3368,969411,434586,431635,103190,na,na,na,na,na,na,na,na,na,786,322,464
  1987 Dec,6886,3441,3445,1080560,503080,471636,105844,na,na,na,na,na,na,na,na,na,1044,441,603
  1987 Nov,6392,3199,3193,942284,413716,434099,94469,na,na,na,na,na,na,na,na,na,836,364,472
  1987 Oct,6464,3234,3230,936870,418928,421329,96613,na,na,na,na,na,na,na,na,na,811,359,452
  1987 Sep,6320,3157,3163,928063,409104,413059,105900,na,na,na,na,na,na,na,na,na,742,323,419
  1987 Aug,6763,3382,3381,1045218,462816,461302,121100,na,na,na,na,na,na,na,na,na,756,334,422
  1987 Jul,6508,3256,3252,1006201,439286,441798,125117,na,na,na,na,na,na,na,na,na,820,385,435
  1987 Jun,6288,3142,3146,962928,444972,429645,88311,na,na,na,na,na,na,na,na,na,756,333,423
  1987 May,6422,3206,3216,880365,393555,404460,82350,na,na,na,na,na,na,na,na,na,828,363,465
  1987 Apr,6113,3055,3058,853540,384072,388946,80522,na,na,na,na,na,na,na,na,na,807,348,459
  1987 Mar,6340,3172,3168,874058,389745,395166,89147,na,na,na,na,na,na,na,na,na,780,346,434
  1987 Feb,5619,2810,2809,808397,370152,361511,76734,na,na,na,na,na,na,na,na,na,678,301,377
  1987 Jan,6161,3077,3084,885309,387737,404650,92922,na,na,na,na,na,na,na,na,na,701,311,390
  1986 Dec,6115,3056,3059,952247,438663,417321,96263,na,na,na,na,na,na,na,na,na,1031,434,597
  1986 Nov,5863,2928,2935,846396,369299,387711,89386,na,na,na,na,na,na,na,na,na,808,360,448
  1986 Oct,6039,3023,3016,825774,372229,368762,84783,na,na,na,na,na,na,na,na,na,800,346,454
  1986 Sep,6003,3002,3001,837989,366205,376641,95143,na,na,na,na,na,na,na,na,na,728,317,411
  1986 Aug,6358,3180,3178,928049,405325,411537,111187,na,na,na,na,na,na,na,na,na,773,357,416
  1986 Jul,6247,3123,3124,874633,374864,375483,124286,na,na,na,na,na,na,na,na,na,828,372,456
  1986 Jun,6049,3029,3020,872208,397467,384605,90136,na,na,na,na,na,na,na,na,na,763,342,421
  1986 May,6268,3130,3138,772100,343197,347740,81163,na,na,na,na,na,na,na,na,na,909,406,503
  1986 Apr,6045,3019,3026,773449,339869,346617,86963,na,na,na,na,na,na,na,na,na,835,378,457
  1986 Mar,6212,3110,3102,806335,350807,360529,94999,na,na,na,na,na,na,na,na,na,914,407,507
  1986 Feb,5696,2850,2846,771454,335961,352936,82557,na,na,na,na,na,na,na,na,na,705,316,389
  1986 Jan,6127,3065,3062,807085,351690,359810,95585,na,na,na,na,na,na,na,na,na,855,387,468
  1985 Dec,6195,3099,3096,928211,421099,402333,104779,na,na,na,na,na,na,na,na,na,1119,476,643
  1985 Nov,5932,2969,2963,803441,347526,365469,90446,na,na,na,na,na,na,na,na,na,918,401,517
  1985 Oct,6137,3067,3070,790129,348699,352006,89424,na,na,na,na,na,na,na,na,na,881,398,483
  1985 Sep,6139,3072,3067,798452,346416,357356,94680,na,na,na,na,na,na,na,na,na,832,388,444
  1985 Aug,6374,3178,3196,907057,386580,398953,121524,na,na,na,na,na,na,na,na,na,882,394,488
  1985 Jul,6147,3075,3072,836088,368822,364918,102348,na,na,na,na,na,na,na,na,na,845,399,446
  1985 Jun,6104,3046,3058,877773,394034,390928,92811,na,na,na,na,na,na,na,na,na,827,389,438
  1985 May,6157,3078,3079,775913,340648,350887,84378,na,na,na,na,na,na,na,na,na,942,425,517
  1985 Apr,6061,3034,3027,784903,344261,356582,84060,na,na,na,na,na,na,na,na,na,844,375,469
  1985 Mar,6181,3085,3096,834356,363037,374569,96750,na,na,na,na,na,na,na,na,na,837,372,465
  1985 Feb,5688,2845,2843,751999,327810,343067,81122,na,na,na,na,na,na,na,na,na,762,346,416
  1985 Jan,6108,3052,3056,768508,334655,340840,93013,na,na,na,na,na,na,na,na,na,763,348,415
  1984 Dec,6187,3093,3094,900044,406556,392996,100492,na,na,na,na,na,na,na,na,na,997,467,530
  1984 Nov,5925,2961,2964,790133,344060,364580,81493,na,na,na,na,na,na,na,na,na,831,384,447
  1984 Oct,5988,2995,2993,787115,352784,351392,82939,na,na,na,na,na,na,na,na,na,786,351,435
  1984 Sep,5902,2948,2954,790793,345375,354815,90603,na,na,na,na,na,na,na,na,na,723,333,390
  1984 Aug,6112,3050,3062,880911,374408,387662,118841,na,na,na,na,na,na,na,na,na,750,346,404
  1984 Jul,5998,3002,2996,810193,356897,358759,94537,na,na,na,na,na,na,na,na,na,762,350,412
  1984 Jun,5875,2934,2941,803912,369957,348995,84960,na,na,na,na,na,na,na,na,na,758,338,420
  1984 May,5932,2966,2966,779161,339986,358059,81116,na,na,na,na,na,na,na,na,na,749,343,406
  1984 Apr,5702,2853,2849,762504,338332,343985,80187,na,na,na,na,na,na,na,na,na,724,339,385
  1984 Mar,5795,2894,2901,720520,322277,322451,75792,na,na,na,na,na,na,na,na,na,770,361,409
  1984 Feb,5512,2753,2759,706296,314134,313342,78820,na,na,na,na,na,na,na,na,na,650,312,338
  1984 Jan,5746,2878,2868,734069,315986,324081,94002,na,na,na,na,na,na,na,na,na,786,384,402
  1983 Dec,5794,2896,2898,830123,377274,362872,89977,na,na,na,na,na,na,na,na,na,1043,482,561
  1983 Nov,5556,2774,2782,724244,314848,331275,78121,na,na,na,na,na,na,na,na,na,776,365,411
  1983 Oct,5815,2906,2909,716388,320816,318194,77378,na,na,na,na,na,na,na,na,na,813,394,419
  1983 Sep,5674,2840,2834,723604,310620,322576,90408,na,na,na,na,na,na,na,na,na,787,388,399
  1983 Aug,5828,2915,2913,795479,340724,347292,107463,na,na,na,na,na,na,na,na,na,732,346,386
  1983 Jul,5658,2822,2836,742363,328601,324985,88777,na,na,na,na,na,na,na,na,na,747,359,388
  1983 Jun,5498,2749,2749,737906,338558,323149,76199,na,na,na,na,na,na,na,na,na,732,342,390
  1983 May,5685,2839,2846,701404,308903,316637,75864,na,na,na,na,na,na,na,na,na,722,355,367
  1983 Apr,5484,2741,2743,667350,292871,302653,71826,na,na,na,na,na,na,na,na,na,713,345,368
  1983 Mar,5649,2823,2826,697684,307881,312900,76903,na,na,na,na,na,na,na,na,na,723,343,380
  1983 Feb,5282,2635,2647,655858,288663,291979,75216,na,na,na,na,na,na,na,na,na,593,291,302
  1983 Jan,5671,2836,2835,686749,300961,301092,84696,na,na,na,na,na,na,na,na,na,649,312,337
  1982 Dec,5765,2880,2885,781862,356712,340929,84221,na,na,na,na,na,na,na,na,na,920,437,483
  1982 Nov,5457,2730,2727,731550,323149,333171,75230,na,na,na,na,na,na,na,na,na,733,352,381
  1982 Oct,5754,2882,2872,707962,315451,313689,78822,na,na,na,na,na,na,na,na,na,723,337,386
  1982 Sep,5641,2817,2824,700226,295237,302663,102326,na,na,na,na,na,na,na,na,na,660,320,340
  1982 Aug,5777,2890,2887,794148,346210,352457,95481,na,na,na,na,na,na,na,na,na,650,315,335
  1982 Jul,5738,2864,2874,762582,338064,332958,91560,na,na,na,na,na,na,na,na,na,696,340,356
  1982 Jun,5545,2768,2777,731708,335718,316120,79870,na,na,na,na,na,na,na,na,na,675,331,344
  1982 May,5590,2798,2792,675233,294788,303051,77394,na,na,na,na,na,na,na,na,na,686,340,346
  1982 Apr,5638,2817,2821,667589,291148,293002,83439,na,na,na,na,na,na,na,na,na,659,327,332
  1982 Mar,5921,2959,2962,693735,298032,303970,91733,na,na,na,na,na,na,na,na,na,704,330,374
  1982 Feb,5375,2684,2691,636075,277433,277439,81203,na,na,na,na,na,na,na,na,na,607,307,300
  1982 Jan,5958,2979,2979,729142,315469,321696,91977,na,na,na,na,na,na,na,na,na,616,307,309
  1981 Dec,6022,3007,3015,773043,350941,332421,89681,na,na,na,na,na,na,na,na,na,890,417,473
  1981 Nov,5755,2874,2881,716405,314739,318522,83144,na,na,na,na,na,na,na,na,na,711,353,358
  1981 Oct,5944,2969,2975,688913,307745,300799,80369,na,na,na,na,na,na,na,na,na,717,367,350
  1981 Sep,5849,2923,2926,665399,289059,293905,82435,na,na,na,na,na,na,na,na,na,689,349,340
  1981 Aug,6069,3031,3038,774005,344177,345296,84532,na,na,na,na,na,na,na,na,na,666,338,328
  1981 Jul,6009,3002,3007,706279,318493,308379,79407,na,na,na,na,na,na,na,na,na,752,374,378
  1981 Jun,5757,2875,2882,674922,311813,294470,68639,na,na,na,na,na,na,na,na,na,665,346,319
  1981 May,5872,2938,2934,627592,274595,282975,70022,na,na,na,na,na,na,na,na,na,704,361,343
  1981 Apr,5752,2871,2881,629547,275944,278169,75434,na,na,na,na,na,na,na,na,na,667,339,328
  1981 Mar,6258,3127,3131,645765,272334,275807,97624,na,na,na,na,na,na,na,na,na,760,385,375
  1981 Feb,5784,2891,2893,619577,265569,268209,85799,na,na,na,na,na,na,na,na,na,629,324,305
  1981 Jan,6294,3144,3150,630711,271695,279156,79860,na,na,na,na,na,na,na,na,na,685,338,347
  1980 Dec,6461,3232,3229,693500,316631,291865,85004,na,na,na,na,na,na,na,na,na,872,427,445
  1980 Nov,6326,3162,3164,640824,275384,281055,84385,na,na,na,na,na,na,na,na,na,728,354,374
  1980 Oct,6461,3230,3231,611995,267687,265013,79295,na,na,na,na,na,na,na,na,na,716,349,367
  1980 Sep,6245,3121,3124,585076,250091,252745,82240,na,na,na,na,na,na,na,na,na,653,324,329
  1980 Aug,6553,3267,3286,684907,298606,301484,84817,na,na,na,na,na,na,na,na,na,640,319,321
  1980 Jul,6279,3137,3142,618380,271505,267734,79141,na,na,na,na,na,na,na,na,na,668,329,339
  1980 Jun,6094,3047,3047,594860,264753,253752,76355,na,na,na,na,na,na,na,na,na,633,320,313
  1980 May,6301,3147,3154,587003,246876,257562,82565,na,na,na,na,na,na,na,na,na,646,322,324
  1980 Apr,6247,3120,3127,561218,240343,246241,74634,na,na,na,na,na,na,na,na,na,642,320,322
  1980 Mar,6391,3196,3195,597644,246262,254054,97328,na,na,na,na,na,na,na,na,na,642,320,322
  1980 Feb,6112,3052,3060,552263,227555,234846,89862,na,na,na,na,na,na,na,na,na,593,291,302
  1980 Jan,6501,3245,3256,566879,235030,244681,87168,na,na,na,na,na,na,na,na,na,619,301,318
