date,total_passengers_arr,sea_total_arr,sea_indonesia_arr,sea_malaysia_arr,sea_philippines_arr,sea_thailand_arr,sea_vietnam_arr,nth_east_asia_total_arr,nth_east_asia_china_arr,nth_east_asia_hongkong_arr,nth_east_asia_japan_arr,sth_asia_total_arr,mid_east_total_arr,oceania_total_arr,europe_total_arr,europe_france_arr,europe_germany_arr,europe_UK_arr,nth_america_total_arr,other_regions_total_arr
  1961 Jan,11814,na,1687,na,139,1172,na,na,na,941,104,na,na,na,na,na,na,858,na,na
  1961 Feb,11027,na,1671,na,139,1172,na,na,na,991,127,na,na,na,na,na,na,427,na,na
  1961 Mar,12703,na,1960,na,307,1414,na,na,na,1074,150,na,na,na,na,na,na,425,na,na
  1961 Apr,13159,na,2107,na,439,1393,na,na,na,1222,110,na,na,na,na,na,na,390,na,na
  1961 May,12221,na,1707,na,390,1325,na,na,na,1361,127,na,na,na,na,na,na,399,na,na
  1961 Jun,11532,na,1767,na,197,1065,na,na,na,1240,154,na,na,na,na,na,na,720,na,na
  1961 Jul,13655,na,2098,na,249,1337,na,na,na,1305,141,na,na,na,na,na,na,1594,na,na
  1961 Aug,13501,na,1857,na,313,1141,na,na,na,1225,126,na,na,na,na,na,na,1099,na,na
  1961 Sep,12974,na,1808,na,221,1129,na,na,na,1244,193,na,na,na,na,na,na,872,na,na
  1961 Oct,13619,na,1953,na,374,1632,na,na,na,1401,195,na,na,na,na,na,na,691,na,na
  1961 Nov,13505,na,1887,na,373,1718,na,na,na,1477,189,na,na,na,na,na,na,454,na,na
  1961 Dec,14951,na,2002,na,243,1602,na,na,na,1335,227,na,na,na,na,na,na,733,na,na
  1962 Jan,13149,na,1555,na,209,1356,na,na,na,1238,136,na,na,na,na,na,na,559,na,na
  1962 Feb,12196,na,1638,na,319,1197,na,na,na,884,160,na,na,na,na,na,na,350,na,na
  1962 Mar,13230,na,2142,na,359,1278,na,na,na,1065,247,na,na,na,na,na,na,412,na,na
  1962 Apr,15300,na,2177,na,544,1457,na,na,na,1611,306,na,na,na,na,na,na,359,na,na
  1962 May,14352,na,1764,na,485,1777,na,na,na,1678,188,na,na,na,na,na,na,332,na,na
  1962 Jun,12694,na,1691,na,316,1222,na,na,na,1240,178,na,na,na,na,na,na,433,na,na
  1962 Jul,14982,na,1994,na,550,1791,na,na,na,1345,197,na,na,na,na,na,na,1480,na,na
  1962 Aug,15403,na,2053,na,297,1674,na,na,na,1570,240,na,na,na,na,na,na,845,na,na
  1962 Sep,14135,na,2650,na,232,1227,na,na,na,1140,170,na,na,na,na,na,na,646,na,na
  1962 Oct,14856,na,1870,na,382,1932,na,na,na,1796,198,na,na,na,na,na,na,626,na,na
  1962 Nov,16290,na,1694,na,364,2496,na,na,na,1756,222,na,na,na,na,na,na,570,na,na
  1962 Dec,16798,na,2283,na,224,1728,na,na,na,1435,164,na,na,na,na,na,na,781,na,na
  1963 Jan,14446,na,1623,na,239,1236,na,na,na,1241,105,na,na,na,na,na,na,864,na,na
  1963 Feb,13284,na,1447,na,325,1490,na,na,na,1203,180,na,na,na,na,na,na,581,na,na
  1963 Mar,15993,na,2170,na,321,1881,na,na,na,1464,211,na,na,na,na,na,na,667,na,na
  1963 Apr,17141,na,2072,na,499,1993,na,na,na,2017,145,na,na,na,na,na,na,486,na,na
  1963 May,16200,na,2045,na,317,2257,na,na,na,1639,159,na,na,na,na,na,na,851,na,na
  1963 Jun,13854,na,1836,na,226,1432,na,na,na,1321,172,na,na,na,na,na,na,611,na,na
  1963 Jul,17634,na,2305,na,436,1950,na,na,na,1815,183,na,na,na,na,na,na,1718,na,na
  1963 Aug,18278,na,2156,na,252,2696,na,na,na,1750,200,na,na,na,na,na,na,837,na,na
  1963 Sep,14838,na,1555,na,305,1566,na,na,na,1457,106,na,na,na,na,na,na,579,na,na
  1963 Oct,14671,na,26,na,392,2287,na,na,na,1980,89,na,na,na,na,na,na,648,na,na
  1963 Nov,16172,na,39,na,369,2385,na,na,na,2294,155,na,na,na,na,na,na,759,na,na
  1963 Dec,16308,na,19,na,303,1860,na,na,na,1552,103,na,na,na,na,na,na,877,na,na
  1964 Jan,15535,na,85,na,226,1697,na,na,na,1539,168,na,na,na,na,na,na,1331,na,na
  1964 Feb,16771,na,29,na,570,1795,na,na,na,1267,95,na,na,na,na,na,na,1633,na,na
  1964 Mar,16948,na,206,na,568,2295,na,na,na,1529,214,na,na,na,na,na,na,778,na,na
  1964 Apr,16668,na,438,na,546,2035,na,na,na,1830,169,na,na,na,na,na,na,360,na,na
  1964 May,17118,na,279,na,456,2257,na,na,na,1889,148,na,na,na,na,na,na,495,na,na
  1964 Jun,14445,na,281,na,336,1665,na,na,na,1401,220,na,na,na,na,na,na,568,na,na
  1964 Jul,16281,na,343,na,163,2405,na,na,na,1621,160,na,na,na,na,na,na,1758,na,na
  1964 Aug,16701,na,337,na,309,1885,na,na,na,1638,210,na,na,na,na,na,na,712,na,na
  1964 Sep,14978,na,230,na,281,1607,na,na,na,1371,190,na,na,na,na,na,na,600,na,na
  1964 Oct,17096,na,300,na,472,2477,na,na,na,2013,187,na,na,na,na,na,na,690,na,na
  1964 Nov,18245,na,280,na,614,2605,na,na,na,2351,165,na,na,na,na,na,na,564,na,na
  1964 Dec,19886,na,245,na,513,1862,na,na,na,1824,161,na,na,na,na,na,na,1520,na,na
  1965 Jan,17864,na,207,na,374,1758,na,na,na,1521,178,na,na,na,na,na,na,984,na,na
  1965 Feb,16988,na,256,na,494,1980,na,na,na,1346,183,na,na,na,na,na,na,690,na,na
  1965 Mar,18571,na,332,na,437,2058,na,na,na,1644,248,na,na,na,na,na,na,598,na,na
  1965 Apr,20258,na,385,na,343,2068,na,na,na,2514,262,na,na,na,na,na,na,870,na,na
  1965 May,20468,na,305,na,582,2160,na,na,na,2966,205,na,na,na,na,na,na,1076,na,na
  1965 Jun,16531,na,294,na,355,1390,na,na,na,2106,235,na,na,na,na,na,na,882,na,na
  1965 Jul,21019,na,316,na,681,2147,na,na,na,2623,201,na,na,na,na,na,na,2393,na,na
  1965 Aug,21032,na,338,na,365,1906,na,na,na,2532,322,na,na,na,na,na,na,1103,na,na
  1965 Sep,17825,na,262,na,369,1804,na,na,na,1742,210,na,na,na,na,na,na,902,na,na
  1965 Oct,19327,na,213,na,638,2711,na,na,na,2658,348,na,na,na,na,na,na,774,na,na
  1965 Nov,19738,na,375,na,540,2477,na,na,na,2688,309,na,na,na,na,na,na,612,na,na
  1965 Dec,22930,na,394,na,605,1852,na,na,na,1919,213,na,na,na,na,na,na,1537,na,na
  1966 Jan,19674,na,323,9911,367,1711,na,na,na,1554,181,na,na,na,na,na,na,878,na,na
  1966 Feb,18502,na,346,8876,450,2179,na,na,na,1567,217,na,na,na,na,na,na,485,na,na
  1966 Mar,19554,na,386,8928,345,2061,na,na,na,1721,232,na,na,na,na,na,na,885,na,na
  1966 Apr,22266,na,341,10035,445,2425,na,na,na,2512,238,na,na,na,na,na,na,715,na,na
  1966 May,21311,na,304,9122,585,2086,na,na,na,2844,165,na,na,na,na,na,na,581,na,na
  1966 Jun,20129,na,471,8891,393,1879,na,na,na,2172,223,na,na,na,na,na,na,568,na,na
  1966 Jul,23641,na,573,9574,618,2222,na,na,na,2783,237,na,na,na,na,na,na,2069,na,na
  1966 Aug,24238,na,704,10953,466,2234,na,na,na,2279,181,na,na,na,na,na,na,983,na,na
  1966 Sep,21791,na,547,9946,507,1937,na,na,na,2094,184,na,na,na,na,na,na,706,na,na
  1966 Oct,23914,na,733,9363,977,3123,na,na,na,2766,209,na,na,na,na,na,na,697,na,na
  1966 Nov,25337,na,936,10105,607,3453,na,na,na,3214,289,na,na,na,na,na,na,527,na,na
  1966 Dec,29729,na,904,12421,785,2888,na,na,na,2321,315,na,na,na,na,na,na,1221,na,na
  1967 Jan,24505,na,1035,11385,546,2401,na,na,na,1718,186,na,na,na,na,na,na,689,na,na
  1967 Feb,24067,na,1414,11070,536,2419,na,na,na,1858,204,na,na,na,na,na,na,530,na,na
  1967 Mar,26357,na,1772,10877,552,2576,na,na,na,2389,289,na,na,na,na,na,na,841,na,na
  1967 Apr,29351,na,2011,12429,729,2903,na,na,na,2718,266,na,na,na,na,na,na,643,na,na
  1967 May,29076,na,1821,11100,832,3344,na,na,na,3384,283,na,na,na,na,na,na,583,na,na
  1967 Jun,25634,na,1944,10563,571,2426,na,na,na,2252,299,na,na,na,na,na,na,729,na,na
  1967 Jul,31159,na,2389,10662,731,3218,na,na,na,3252,313,na,na,na,na,na,na,2368,na,na
  1967 Aug,33547,na,3060,13188,770,3358,na,na,na,2793,426,na,na,na,na,na,na,768,na,na
  1967 Sep,29002,na,2501,11006,576,2746,na,na,na,2452,448,na,na,na,na,na,na,1015,na,na
  1967 Oct,30752,na,2890,10629,746,3505,na,na,na,3014,299,na,na,na,na,na,na,920,na,na
  1967 Nov,31148,na,2719,10761,803,4138,na,na,na,2997,306,na,na,na,na,na,na,616,na,na
  1967 Dec,35570,na,3082,12934,875,3416,na,na,na,2481,440,na,na,na,na,na,na,1511,na,na
  1968 Jan,30783,na,2514,12324,646,2980,na,na,na,1921,389,na,na,na,na,na,na,740,na,na
  1968 Feb,28879,na,2598,11610,747,3126,na,na,na,2022,302,na,na,na,na,na,na,591,na,na
  1968 Mar,31072,na,3181,11481,789,3012,na,na,na,2491,384,na,na,na,na,na,na,854,na,na
  1968 Apr,35549,na,3747,13073,822,3677,na,na,na,3040,381,na,na,na,na,na,na,786,na,na
  1968 May,34114,na,3409,11522,882,3775,na,na,na,3490,434,na,na,na,na,na,na,562,na,na
  1968 Jun,31357,na,3036,10904,782,2991,na,na,na,2741,492,na,na,na,na,na,na,663,na,na
  1968 Jul,34943,na,3512,11636,779,3427,na,na,na,3054,421,na,na,na,na,na,na,2219,na,na
  1968 Aug,38365,na,4087,14280,811,3495,na,na,na,3167,724,na,na,na,na,na,na,984,na,na
  1968 Sep,33023,na,3046,12536,624,2998,na,na,na,2850,566,na,na,na,na,na,na,873,na,na
  1968 Oct,36237,na,3509,12118,851,4642,na,na,na,3454,561,na,na,na,na,na,na,977,na,na
  1968 Nov,36340,na,3511,12333,1102,3772,na,na,na,3351,627,na,na,na,na,na,na,816,na,na
  1968 Dec,42090,na,3773,14630,911,3694,na,na,na,3379,620,na,na,na,na,na,na,1672,na,na
  1969 Jan,37132,na,4179,13733,667,3507,na,na,na,2463,596,na,na,na,na,na,na,929,na,na
  1969 Feb,35154,na,4092,13082,863,3586,na,na,na,2409,568,na,na,na,na,na,na,671,na,na
  1969 Mar,38858,na,4849,13097,914,3741,na,na,na,2751,711,na,na,na,na,na,na,971,na,na
  1969 Apr,43755,na,5988,15161,1000,4384,na,na,na,3638,769,na,na,na,na,na,na,745,na,na
  1969 May,41822,na,5191,11947,1333,5106,na,na,na,3860,844,na,na,na,na,na,na,776,na,na
  1969 Jun,37321,na,4846,10938,1013,3987,na,na,na,3219,777,na,na,na,na,na,na,899,na,na
  1969 Jul,45684,na,5691,13228,1141,5075,na,na,na,3973,770,na,na,na,na,na,na,2672,na,na
  1969 Aug,47886,na,6574,15569,1001,4963,na,na,na,3779,858,na,na,na,na,na,na,1771,na,na
  1969 Sep,43589,na,6007,13763,814,3631,na,na,na,3351,846,na,na,na,na,na,na,1903,na,na
  1969 Oct,47946,na,7158,13544,1579,5516,na,na,na,4616,859,na,na,na,na,na,na,1119,na,na
  1969 Nov,49994,na,8201,15314,1204,5332,na,na,na,4321,867,na,na,na,na,na,na,891,na,na
  1969 Dec,58243,na,9009,18669,1451,4509,na,na,na,4370,924,na,na,na,na,na,na,3093,na,na
  1970 Jan,48859,na,8102,16602,1263,4481,na,na,na,3498,971,na,na,na,na,na,na,1430,na,na
  1970 Feb,43746,na,7650,15710,1236,3775,na,na,na,3390,889,na,na,na,na,na,na,832,na,na
  1970 Mar,49349,na,9008,15906,1234,4709,na,na,na,3901,897,na,na,na,na,na,na,1252,na,na
  1970 Apr,58256,na,9855,17932,1736,5821,na,na,na,5289,814,na,na,na,na,na,na,1988,na,na
  1970 May,56988,na,9504,15914,2130,6883,na,na,na,5647,978,na,na,na,na,na,na,1179,na,na
  1970 Jun,52885,na,9493,15519,1628,5672,na,na,na,5063,1092,na,na,na,na,na,na,1439,na,na
  1970 Jul,62957,na,10918,17903,2180,6684,na,na,na,5927,1062,na,na,na,na,na,na,3380,na,na
  1970 Aug,68000,na,12234,20631,2212,7735,na,na,na,6230,1307,na,na,na,na,na,na,2410,na,na
  1970 Sep,58346,na,9992,17930,2031,6490,na,na,na,5511,1017,na,na,na,na,na,na,2712,na,na
  1970 Oct,55454,na,10720,16898,1760,5758,na,na,na,5250,1096,na,na,na,na,na,na,1163,na,na
  1970 Nov,57083,na,11840,18844,1326,5436,na,na,na,4742,1115,na,na,na,na,na,na,1656,na,na
  1970 Dec,70361,na,13714,21984,1400,6196,na,na,na,5534,1273,na,na,na,na,na,na,2734,na,na
  1971 Jan,62376,na,12139,21361,1471,5436,na,na,na,4223,1123,na,na,na,na,na,na,2425,na,na
  1971 Feb,54479,na,10343,18040,1668,5520,na,na,na,4370,1262,na,na,na,na,na,na,1439,na,na
  1971 Mar,60113,na,12826,18543,1887,5324,na,na,na,4510,1241,na,na,na,na,na,na,1588,na,na
  1971 Apr,65937,na,14634,21012,2172,5813,na,na,na,5766,1412,na,na,na,na,na,na,1180,na,na
  1971 May,67710,na,14277,19018,2400,6103,na,na,na,5810,1299,na,na,na,na,na,na,1348,na,na
  1971 Jun,61183,na,12636,17790,2033,4685,na,na,na,4986,1200,na,na,na,na,na,na,1493,na,na
  1971 Jul,68405,na,13270,20693,2432,6118,na,na,na,5583,1208,na,na,na,na,na,na,3797,na,na
  1971 Aug,77061,na,16387,23982,2235,6690,na,na,na,6055,1309,na,na,na,na,na,na,3611,na,na
  1971 Sep,68807,na,13895,20369,2008,5720,na,na,na,5136,1255,na,na,na,na,na,na,4503,na,na
  1971 Oct,75122,na,14698,21505,2578,8583,na,na,na,6883,1606,na,na,na,na,na,na,4392,na,na
  1971 Nov,74253,na,13903,24362,1954,7146,na,na,na,6361,1289,na,na,na,na,na,na,3694,na,na
  1971 Dec,90266,na,18142,28743,1804,7082,na,na,na,6921,1460,na,na,na,na,na,na,4704,na,na
  1972 Jan,73856,na,13793,23632,1824,6737,na,na,na,5082,1390,na,na,na,na,na,na,5762,na,na
  1972 Feb,76131,na,14642,24534,1888,7272,na,na,na,5053,2253,na,na,na,na,na,na,5054,na,na
  1972 Mar,79351,na,16134,23675,1970,7314,na,na,na,6079,2368,na,na,na,na,na,na,4714,na,na
  1972 Apr,78939,na,15654,23531,2004,7485,na,na,na,6534,2264,na,na,na,na,na,na,3874,na,na
  1972 May,80308,na,15638,22924,2476,7795,na,na,na,6993,1886,na,na,na,na,na,na,4676,na,na
  1972 Jun,78715,na,15970,22583,1930,7309,na,na,na,6556,1659,na,na,na,na,na,na,5995,na,na
  1972 Jul,84288,na,16044,23415,2233,7492,na,na,na,6913,2078,na,na,na,na,na,na,8183,na,na
  1972 Aug,93504,na,19261,25741,2162,8274,na,na,na,7562,2381,na,na,na,na,na,na,8187,na,na
  1972 Sep,85054,na,16037,24438,1937,8110,na,na,na,6564,2223,na,na,na,na,na,na,8029,na,na
  1972 Oct,91530,na,17269,23468,1751,10841,na,na,na,8687,3022,na,na,na,na,na,na,7373,na,na
  1972 Nov,93452,na,16195,29194,1659,9968,na,na,na,7833,3238,na,na,na,na,na,na,6398,na,na
  1972 Dec,114086,na,21742,33628,1461,10329,na,na,na,7657,2835,na,na,na,na,na,na,7534,na,na
  1973 Jan,101191,na,19459,29300,1589,10958,na,na,na,6727,3085,na,na,na,na,na,na,6622,na,na
  1973 Feb,97305,na,16134,31466,1778,11237,na,na,na,7899,4227,na,na,na,na,na,na,5139,na,na
  1973 Mar,98999,na,19837,30320,1876,10490,na,na,na,7716,3255,na,na,na,na,na,na,5682,na,na
  1973 Apr,108029,na,23102,33208,2227,10899,na,na,na,9150,3229,na,na,na,na,na,na,5072,na,na
  1973 May,104081,na,21181,30315,2330,10402,na,na,na,8570,3610,na,na,na,na,na,na,5920,na,na
  1973 Jun,105185,na,20341,31459,2253,10110,na,na,na,8184,3471,na,na,na,na,na,na,6850,na,na
  1973 Jul,113821,na,22360,33327,2089,11361,na,na,na,7910,3311,na,na,na,na,na,na,8455,na,na
  1973 Aug,123210,na,25857,33709,2392,11749,na,na,na,9055,3621,na,na,na,na,na,na,8143,na,na
  1973 Sep,113284,na,22513,34199,2346,10401,na,na,na,7949,3104,na,na,na,na,na,na,8100,na,na
  1973 Oct,120407,na,24055,34118,2874,12781,na,na,na,10397,4213,na,na,na,na,na,na,8363,na,na
  1973 Nov,124820,na,22572,38444,2889,12395,na,na,na,9667,4628,na,na,na,na,na,na,7720,na,na
  1973 Dec,140413,na,29594,41803,2353,12625,na,na,na,9498,3786,na,na,na,na,na,na,6663,na,na
  1974 Jan,126613,na,25329,36667,2766,14131,na,na,na,8083,3907,na,na,na,na,na,na,6612,na,na
  1974 Feb,107737,na,20872,30798,2498,12030,na,na,na,7652,4298,na,na,na,na,na,na,5725,na,na
  1974 Mar,114903,na,23871,33210,2972,11246,na,na,na,8397,3809,na,na,na,na,na,na,6359,na,na
  1974 Apr,118574,na,26260,35747,3067,11207,na,na,na,8615,3287,na,na,na,na,na,na,4618,na,na
  1974 May,114174,na,24956,32195,3029,11347,na,na,na,8435,3052,na,na,na,na,na,na,4835,na,na
  1974 Jun,120309,na,25944,34263,3142,11106,na,na,na,8615,3108,na,na,na,na,na,na,8032,na,na
  1974 Jul,124890,na,26041,34608,3061,12228,na,na,na,8646,3661,na,na,na,na,na,na,8646,na,na
  1974 Aug,136623,na,32144,35690,3315,12800,na,na,na,9460,3806,na,na,na,na,na,na,6599,na,na
  1974 Sep,117991,na,25247,31494,2843,11860,na,na,na,7720,3053,na,na,na,na,na,na,7314,na,na
  1974 Oct,123795,na,26734,31591,3328,15046,na,na,na,8545,3838,na,na,na,na,na,na,7093,na,na
  1974 Nov,125167,na,26124,34757,3146,14003,na,na,na,8964,3658,na,na,na,na,na,na,7075,na,na
  1974 Dec,152456,na,35092,43113,3146,14003,na,na,na,9385,3982,na,na,na,na,na,na,7909,na,na
  1975 Jan,129839,na,29453,34259,2994,14070,na,na,na,7655,3766,na,na,na,na,na,na,6316,na,na
  1975 Feb,117525,na,25859,33614,2897,12413,na,na,na,7938,4423,na,na,na,na,na,na,4799,na,na
  1975 Mar,128896,na,28687,36080,3180,13129,na,na,na,8627,4435,na,na,na,na,na,na,4806,na,na
  1975 Apr,129237,na,28528,36895,3477,12481,na,na,na,9766,3572,na,na,na,na,na,na,3892,na,na
  1975 May,126822,na,28998,34055,3618,12529,na,na,na,9691,3454,na,na,na,na,na,na,4482,na,na
  1975 Jun,128888,na,29288,34437,3097,12214,na,na,na,10213,3967,na,na,na,na,na,na,6617,na,na
  1975 Jul,134183,na,29909,35070,3240,12598,na,na,na,10345,4528,na,na,na,na,na,na,8393,na,na
  1975 Aug,155478,na,35126,37912,3436,13641,na,na,na,12608,5374,na,na,na,na,na,na,8108,na,na
  1975 Sep,139073,na,30534,34739,3274,12347,na,na,na,11456,3555,na,na,na,na,na,na,8378,na,na
  1975 Oct,141101,na,31579,33850,3978,14503,na,na,na,12005,3764,na,na,na,na,na,na,8569,na,na
  1975 Nov,145183,na,29628,38453,4311,14991,na,na,na,13346,4203,na,na,na,na,na,na,7285,na,na
  1975 Dec,170856,na,40249,43524,3644,17176,na,na,na,13219,4012,na,na,na,na,na,na,7382,na,na
  1976 Jan,148025,na,33114,34972,3559,15345,na,na,na,12648,4394,na,na,na,na,na,na,6605,na,na
  1976 Feb,138978,na,27988,39237,3954,15026,na,na,na,12093,5320,na,na,na,na,na,na,5238,na,na
  1976 Mar,142358,na,31225,36298,4052,14655,na,na,na,11851,4553,na,na,na,na,na,na,5143,na,na
  1976 Apr,144777,na,32822,38719,3861,14571,na,na,na,12749,3889,na,na,na,na,na,na,4494,na,na
  1976 May,147145,na,31050,36806,3899,15037,na,na,na,13136,3779,na,na,na,na,na,na,5157,na,na
  1976 Jun,147230,na,33630,37831,3744,15001,na,na,na,12360,3923,na,na,na,na,na,na,7320,na,na
  1976 Jul,155606,na,34114,37877,3803,14743,na,na,na,13077,5014,na,na,na,na,na,na,9857,na,na
  1976 Aug,174385,na,39812,42102,3798,16887,na,na,na,13455,6091,na,na,na,na,na,na,9263,na,na
  1976 Sep,154373,na,33663,37540,3603,14917,na,na,na,11562,5927,na,na,na,na,na,na,9356,na,na
  1976 Oct,156788,na,31793,37704,4587,16573,na,na,na,14866,5633,na,na,na,na,na,na,7864,na,na
  1976 Nov,158555,na,31236,41597,5234,17584,na,na,na,14358,6016,na,na,na,na,na,na,8034,na,na
  1976 Dec,191285,na,46879,49371,5213,18101,na,na,na,15655,5038,na,na,na,na,na,na,6860,na,na
  1977 Jan,167788,na,35306,39365,4582,18465,na,na,na,15513,5671,na,na,na,na,na,na,7997,na,na
  1977 Feb,147337,na,31965,36957,4444,16522,na,na,na,14377,6427,na,na,na,na,na,na,5429,na,na
  1977 Mar,161478,na,35582,40967,4839,17442,na,na,na,16059,6334,na,na,na,na,na,na,5431,na,na
  1977 Apr,164168,na,35952,42731,5207,15234,na,na,na,14995,5697,na,na,na,na,na,na,5104,na,na
  1977 May,161790,na,33608,41696,4847,16051,na,na,na,12544,6155,na,na,na,na,na,na,6529,na,na
  1977 Jun,170447,na,38704,41869,5149,15225,na,na,na,14741,6008,na,na,na,na,na,na,8159,na,na
  1977 Jul,182838,na,43298,42697,4891,15333,na,na,na,13788,7402,na,na,na,na,na,na,10892,na,na
  1977 Aug,199961,na,46159,45748,5203,17086,na,na,na,15869,9011,na,na,na,na,na,na,11045,na,na
  1977 Sep,172769,na,37932,41546,5350,14451,na,na,na,14271,5787,na,na,na,na,na,na,9306,na,na
  1977 Oct,177291,na,37060,40688,6709,19483,na,na,na,16426,6626,na,na,na,na,na,na,8755,na,na
  1977 Nov,187406,na,38024,48129,7186,20653,na,na,na,17358,6260,na,na,na,na,na,na,9658,na,na
  1977 Dec,213437,na,53210,48368,7445,19617,na,na,na,15270,6051,na,na,na,na,na,na,8785,na,na
  1978 Jan,187574,na,42435,40387,7063,18759,na,na,na,16579,6517,na,na,na,na,na,na,8336,na,na
  1978 Feb,168272,na,34437,42140,6763,16932,na,na,na,16104,6372,na,na,na,na,na,na,6505,na,na
  1978 Mar,183520,na,39011,44470,6890,18822,na,na,na,16581,7262,na,na,na,na,na,na,6862,na,na
  1978 Apr,188724,na,42556,45975,7170,18911,na,na,na,16676,5722,na,na,na,na,na,na,5667,na,na
  1978 May,191494,na,40977,45419,8101,19582,na,na,na,17851,5894,na,na,na,na,na,na,6670,na,na
  1978 Jun,195129,na,42727,45395,7273,19527,na,na,na,17455,5391,na,na,na,na,na,na,8966,na,na
  1978 Jul,205855,na,44127,46970,6415,18988,na,na,na,17574,7811,na,na,na,na,na,na,12751,na,na
  1978 Aug,229990,na,56796,50897,8049,19633,na,na,na,18346,9284,na,na,na,na,na,na,11970,na,na
  1978 Sep,202499,na,44481,47397,7400,18270,na,na,na,18018,6265,na,na,na,na,na,na,10610,na,na
  1978 Oct,209060,na,44122,47295,8569,22063,na,na,na,19434,7781,na,na,na,na,na,na,10406,na,na
  1978 Nov,215825,na,41762,53550,9882,23805,na,na,na,19921,8328,na,na,na,na,na,na,8850,na,na
  1978 Dec,232313,na,46500,56694,9052,22388,na,na,na,17034,8927,na,na,na,na,na,na,9429,na,na
  1979 Jan,208225,na,40214,48485,8963,20100,na,na,na,17665,9264,na,na,na,na,na,na,9061,na,na
  1979 Feb,184416,na,34618,42192,9198,19739,na,na,na,16943,9756,na,na,na,na,na,na,6227,na,na
  1979 Mar,205632,na,40066,53022,9092,18653,na,na,na,15783,10651,na,na,na,na,na,na,6903,na,na
  1979 Apr,214303,na,39896,56033,9527,19596,na,na,na,16568,9495,na,na,na,na,na,na,6007,na,na
  1979 May,209815,na,37878,53838,9031,19116,na,na,na,16438,10079,na,na,na,na,na,na,6696,na,na
  1979 Jun,231142,na,47048,57523,9036,21272,na,na,na,19339,10860,na,na,na,na,na,na,9646,na,na
  1979 Jul,239553,na,44257,58905,8470,21563,na,na,na,19462,13069,na,na,na,na,na,na,12267,na,na
  1979 Aug,252611,na,52245,60416,8970,21709,na,na,na,18662,15464,na,na,na,na,na,na,11418,na,na
  1979 Sep,224760,na,42000,55686,8430,18844,na,na,na,18053,12517,na,na,na,na,na,na,10787,na,na
  1979 Oct,237348,na,44982,58678,9522,22410,na,na,na,20660,11994,na,na,na,na,na,na,10896,na,na
  1979 Nov,244982,na,42590,63275,11214,24428,na,na,na,21878,14665,na,na,na,na,na,na,9052,na,na
  1979 Dec,267393,na,47465,69653,11149,25640,na,na,na,21196,13800,na,na,na,na,na,na,8736,na,na
  1980 Jan,235030,na,41053,59236,10120,21097,na,na,na,17639,14636,na,na,na,na,na,na,8735,na,na
  1980 Feb,227555,na,40653,56998,10375,21585,na,na,na,21541,13094,na,na,na,na,na,na,6945,na,na
  1980 Mar,246262,na,41703,64360,10679,23374,na,na,na,20298,16146,na,na,na,na,na,na,7676,na,na
  1980 Apr,240343,na,41806,66280,10824,22577,na,na,na,20006,11894,na,na,na,na,na,na,6033,na,na
  1980 May,246876,na,42231,63777,10828,21255,na,na,na,22446,11675,na,na,na,na,na,na,6883,na,na
  1980 Jun,264753,na,49807,68359,10616,23203,na,na,na,25429,11312,na,na,na,na,na,na,9738,na,na
  1980 Jul,271505,na,51655,62937,9620,23832,na,na,na,24201,14945,na,na,na,na,na,na,13515,na,na
  1980 Aug,298606,na,55898,75463,10186,25232,na,na,na,26334,18323,na,na,na,na,na,na,12335,na,na
  1980 Sep,250091,na,45011,63051,8364,20409,na,na,na,22564,13588,na,na,na,na,na,na,11641,na,na
  1980 Oct,267687,na,48099,63628,11366,27591,na,na,na,26876,12262,na,na,na,na,na,na,11020,na,na
  1980 Nov,275384,na,46955,72452,12436,26789,na,na,na,25834,14418,na,na,na,na,na,na,8789,na,na
  1980 Dec,316631,na,56084,86517,11505,29333,na,na,na,28023,15051,na,na,na,na,na,na,9892,na,na
  1981 Jan,271695,na,47955,63787,11443,25707,na,na,na,25359,14114,na,na,na,na,na,na,8077,na,na
  1981 Feb,265569,na,44635,69548,12224,27481,na,na,na,26939,14895,na,na,na,na,na,na,7447,na,na
  1981 Mar,272334,na,47339,68487,11691,25935,na,na,na,25150,17724,na,na,na,na,na,na,7141,na,na
  1981 Apr,275944,na,47367,73075,12009,24476,na,na,na,25972,13831,na,na,na,na,na,na,6357,na,na
  1981 May,274595,na,47329,68966,12368,25813,na,na,na,25882,14916,na,na,na,na,na,na,6994,na,na
  1981 Jun,311813,na,60599,76649,10938,29103,na,na,na,28540,16150,na,na,na,na,na,na,9572,na,na
  1981 Jul,318493,na,59956,69496,11298,30012,na,na,na,28163,18559,na,na,na,na,na,na,13405,na,na
  1981 Aug,344177,na,57598,85624,12624,29434,na,na,na,31266,25691,na,na,na,na,na,na,13877,na,na
  1981 Sep,289059,na,50127,70172,11493,25085,na,na,na,24581,17406,na,na,na,na,na,na,11919,na,na
  1981 Oct,307745,na,50693,72082,13663,29764,na,na,na,29557,17062,na,na,na,na,na,na,12184,na,na
  1981 Nov,314739,na,50491,79244,13963,29512,na,na,na,29003,20527,na,na,na,na,na,na,9481,na,na
  1981 Dec,350941,na,60786,91283,14427,32039,na,na,na,29962,19254,na,na,na,na,na,na,10485,na,na
  1982 Jan,315469,na,49334,77597,14142,29642,na,na,na,29081,18495,na,na,na,na,na,na,10898,na,na
  1982 Feb,277433,na,43516,69397,13478,26790,na,na,na,23037,21590,na,na,na,na,na,na,7520,na,na
  1982 Mar,298032,na,49186,72004,13642,26730,na,na,na,25632,23777,na,na,na,na,na,na,8167,na,na
  1982 Apr,291148,na,45030,71647,12866,29610,na,na,na,26741,16414,na,na,na,na,na,na,7192,na,na
  1982 May,294788,na,46328,71153,14535,28138,na,na,na,26169,17728,na,na,na,na,na,na,8230,na,na
  1982 Jun,335718,na,63710,76434,13025,31612,na,na,na,31851,19143,na,na,na,na,na,na,11515,na,na
  1982 Jul,338064,na,65416,71336,12630,28369,na,na,na,31642,20629,na,na,na,na,na,na,14789,na,na
  1982 Aug,346210,na,60690,81356,13801,28639,na,na,na,30579,25689,na,na,na,na,na,na,14656,na,na
  1982 Sep,295237,na,52338,67067,11667,24015,na,na,na,25472,19213,na,na,na,na,na,na,13178,na,na
  1982 Oct,315451,na,52717,71266,13760,30373,na,na,na,30411,19366,na,na,na,na,na,na,13022,na,na
  1982 Nov,323149,na,53033,80886,13514,30025,na,na,na,29471,20943,na,na,na,na,na,na,10618,na,na
  1982 Dec,356712,na,56136,90618,13646,35390,na,na,na,32214,18964,na,na,na,na,na,na,10297,na,na
  1983 Jan,300961,na,41548,70092,13732,28431,na,na,na,24497,20482,na,na,na,na,na,na,10653,na,na
  1983 Feb,288663,na,40001,73357,12791,29537,na,na,na,25576,21735,na,na,na,na,na,na,7538,na,na
  1983 Mar,307881,na,43016,72952,13557,28276,na,na,na,27992,24081,na,na,na,na,na,na,7726,na,na
  1983 Apr,292871,na,39362,77561,11894,30699,na,na,na,26400,16219,na,na,na,na,na,na,7733,na,na
  1983 May,308903,na,42375,72550,13539,32714,na,na,na,28868,18217,na,na,na,na,na,na,8430,na,na
  1983 Jun,338558,na,53423,77821,11785,33604,na,na,na,36482,19003,na,na,na,na,na,na,12074,na,na
  1983 Jul,328601,na,44608,72050,11934,32132,na,na,na,32828,22213,na,na,na,na,na,na,14907,na,na
  1983 Aug,340724,na,49598,79103,11869,31793,na,na,na,30203,24681,na,na,na,na,na,na,14412,na,na
  1983 Sep,310620,na,43478,74865,9862,28190,na,na,na,27758,20381,na,na,na,na,na,na,13143,na,na
  1983 Oct,320816,na,40279,69590,10283,35920,na,na,na,34660,21334,na,na,na,na,na,na,13746,na,na
  1983 Nov,314848,na,42360,81752,10952,32688,na,na,na,30884,20802,na,na,na,na,na,na,9621,na,na
  1983 Dec,377274,na,56891,96750,10164,39398,na,na,na,34626,19952,na,na,na,na,na,na,10736,na,na
  1984 Jan,315986,na,43554,69526,12368,30409,na,na,na,27589,20391,na,na,na,na,na,na,11934,na,na
  1984 Feb,314134,na,40770,84246,12154,35160,na,na,na,27664,21230,na,na,na,na,na,na,8571,na,na
  1984 Mar,322277,na,45465,79602,12908,31826,na,na,na,26955,21294,na,na,na,na,na,na,8357,na,na
  1984 Apr,338332,na,45582,87052,12251,34095,na,na,na,31348,19694,na,na,na,na,na,na,8494,na,na
  1984 May,339986,na,46411,79090,11793,34162,na,na,na,32977,21680,na,na,na,na,na,na,10842,na,na
  1984 Jun,369957,na,56186,87203,11220,35227,na,na,na,40192,21227,na,na,na,na,na,na,12986,na,na
  1984 Jul,356897,na,44572,79371,13079,32567,na,na,na,40021,22964,na,na,na,na,na,na,16072,na,na
  1984 Aug,374408,na,53604,85539,12143,32510,na,na,na,33668,26189,na,na,na,na,na,na,17065,na,na
  1984 Sep,345375,na,43493,76864,11225,33546,na,na,na,34258,21362,na,na,na,na,na,na,14769,na,na
  1984 Oct,352784,na,43389,76252,12226,38830,na,na,na,36998,20737,na,na,na,na,na,na,15143,na,na
  1984 Nov,344060,na,42752,86656,12490,37380,na,na,na,33804,20826,na,na,na,na,na,na,11142,na,na
  1984 Dec,406556,na,56064,101760,11357,44625,na,na,na,36598,23321,na,na,na,na,na,na,11509,na,na
  1985 Jan,334655,na,40677,75314,12923,37936,na,na,na,28071,21087,na,na,na,na,na,na,13153,na,na
  1985 Feb,327810,na,42010,81228,12259,37189,na,na,na,29695,23831,na,na,na,na,na,na,9695,na,na
  1985 Mar,363037,na,45525,85399,11937,38549,na,na,na,30228,26882,na,na,na,na,na,na,12501,na,na
  1985 Apr,344261,na,42598,84790,10829,35130,na,na,na,32996,23488,na,na,na,na,na,na,10190,na,na
  1985 May,340648,na,42745,72756,11502,34493,na,na,na,33885,22634,na,na,na,na,na,na,12420,na,na
  1985 Jun,394034,na,57001,90900,10295,38528,na,na,na,45650,25703,na,na,na,na,na,na,15495,na,na
  1985 Jul,368822,na,43903,78529,11038,32052,na,na,na,41665,28255,na,na,na,na,na,na,19690,na,na
  1985 Aug,386580,na,51820,87914,10418,34082,na,na,na,35530,30222,na,na,na,na,na,na,19221,na,na
  1985 Sep,346416,na,42411,74983,9097,29491,na,na,na,32556,23365,na,na,na,na,na,na,17868,na,na
  1985 Oct,348699,na,41872,72968,9517,37050,na,na,na,37107,20935,na,na,na,na,na,na,17726,na,na
  1985 Nov,347526,na,40623,83430,10123,34848,na,na,na,33188,21800,na,na,na,na,na,na,13653,na,na
  1985 Dec,421099,na,55576,100458,10590,43382,na,na,na,37276,24568,na,na,na,na,na,na,16001,na,na
  1986 Jan,351690,171598,39136,74017,12503,36307,na,60113,na,28250,23158,27508,6074,40044,38444,2354,3809,15208,5947,na
  1986 Feb,335961,172133,38245,80574,8060,37464,na,68280,na,29466,27570,21264,4954,32559,30434,2005,3272,11692,4981,na
  1986 Mar,350807,170832,40800,78575,8121,35498,na,65849,na,29858,24810,23074,6629,41754,36477,2613,4267,15221,4703,na
  1986 Apr,339869,164688,38796,74100,9515,34266,na,64959,na,30413,22879,23564,5739,45737,29469,2391,2766,11201,4419,na
  1986 May,343197,164824,39902,70610,10924,32790,na,68606,na,33516,20040,21870,5938,41841,32415,2482,2909,13128,6140,na
  1986 Jun,397467,199584,57022,83946,11631,39753,na,80179,na,43448,22518,22502,6722,40808,38015,2406,2901,16374,7810,na
  1986 Jul,374864,173566,44004,75099,12492,34247,na,79163,na,41451,25910,23507,6870,36126,47727,2475,4530,19734,6576,na
  1986 Aug,405325,191090,50871,83366,11690,36750,na,82654,na,39209,31834,25961,6985,42992,47193,3222,4389,18898,6472,na
  1986 Sep,366205,164927,41478,71503,9525,34193,na,75366,na,38655,23890,24055,7995,37151,48323,3095,4688,19455,6193,na
  1986 Oct,372229,169036,39239,71651,10918,39769,na,82826,na,43712,23610,24118,5601,34392,48670,3273,4629,19126,5801,na
  1986 Nov,369299,178014,41452,76215,11823,40679,na,72099,na,37124,22345,24777,4922,40243,40555,2483,4243,16459,6866,na
  1986 Dec,438663,217117,53676,90337,10642,50991,na,79282,na,41536,24925,28439,7178,55541,40419,2337,3747,16969,8644,na
  1987 Jan,387737,176141,39953,71776,13218,41326,na,76163,855,38957,25960,31686,5516,45422,43347,2310,3780,17975,6736,na
  1987 Feb,370152,185474,41749,79356,12003,44863,na,73928,1054,33066,28787,27051,4573,37468,33639,2141,3075,12580,5669,na
  1987 Mar,389745,182968,42650,76767,10889,44052,na,78458,1153,36826,29680,28671,4979,49097,36797,1566,3266,16995,6462,na
  1987 Apr,384072,182321,37385,81563,11631,41639,na,77292,2401,38312,23817,28868,4862,48212,34002,2389,3585,13534,6272,na
  1987 May,393555,186566,45971,77828,11295,40056,na,83377,2353,38461,28336,27447,5049,45850,34963,2227,3288,14676,7739,na
  1987 Jun,444972,216302,55827,88809,11952,51983,na,94785,3249,44939,31968,26770,5553,47699,41724,2422,3592,17603,9320,na
  1987 Jul,439286,201473,48019,87120,11187,47097,na,95514,2265,42150,37512,26079,6987,45049,52842,3270,4590,20997,8369,na
  1987 Aug,462816,220352,56129,91236,12377,51646,na,96047,1900,39462,40933,28674,6933,46108,51924,3255,4512,20161,8925,na
  1987 Sep,409104,183951,45796,77277,10716,39975,na,83699,2350,34433,34274,28310,6886,44337,51145,2672,4052,19862,7258,na
  1987 Oct,418928,190307,47204,77371,11041,46914,na,89913,3166,41322,31212,26641,4917,41259,53858,3022,5221,21121,8091,na
  1987 Nov,413716,197225,47231,80411,10799,49900,na,83151,2633,37435,31128,26691,4582,45168,45233,2531,5209,16719,7922,na
  1987 Dec,503080,255906,64976,101211,10933,66259,na,86391,2577,39670,31617,32355,5894,61761,46926,2458,3534,18895,10249,na
  1988 Jan,434586,201057,46861,78611,12812,52827,na,78808,1910,33910,31976,33080,5205,53771,49098,2551,4726,17907,9298,na
  1988 Feb,427020,208368,49893,84640,12022,52365,na,82174,2002,33807,34937,29887,5424,47857,41979,2213,4828,15256,7547,na
  1988 Mar,460889,213549,50967,88088,12526,52963,na,93322,1918,36889,39548,30836,4833,58070,50370,2651,5577,20947,6837,na
  1988 Apr,441331,209936,47902,87356,11527,51159,na,89192,2654,34981,36704,29343,4799,58591,39510,2138,3359,15414,6775,na
  1988 May,432584,203503,50519,83377,11807,48303,na,90599,2851,36301,35695,25426,4742,55721,40157,1903,4259,15575,8892,na
  1988 Jun,489884,239443,66179,96114,11768,56459,na,100082,3798,40942,41128,26139,5317,59129,46835,2523,4394,18693,10361,na
  1988 Jul,492727,223853,56068,94100,11432,53577,na,104021,3182,41415,43808,26406,7764,54909,61404,3884,6437,22228,10653,na
  1988 Aug,503542,237592,62040,96448,11717,56411,na,101112,2679,37497,45023,28492,9120,56344,56199,3242,5538,21063,9744,na
  1988 Sep,459639,208603,52473,87730,11321,47537,na,97887,2991,36748,42568,26001,5085,52647,57543,2941,6724,20509,8317,na
  1988 Oct,478253,221718,54048,90756,12529,55932,na,99322,3685,40372,39739,26838,5612,47998,62306,3492,8429,21708,10577,na
  1988 Nov,490338,236212,57639,97439,11974,61180,na,99572,2880,38051,42910,25401,4761,56322,54765,2745,6899,18526,9615,na
  1988 Dec,575657,288327,77053,113986,13180,71253,na,99941,3527,39079,42308,33089,6304,74295,56159,2541,7483,20592,13401,na
  1989 Jan,503277,230949,54033,91208,14065,61402,na,95199,2156,33847,44433,35761,5926,62565,56881,2630,7695,20803,10883,na
  1989 Feb,479227,235596,56388,98508,12661,59544,na,94754,2666,33249,44286,27916,4866,53346,51448,2493,6988,18180,7743,na
  1989 Mar,531121,250004,59792,100555,13436,65943,na,107252,2914,36345,49995,30627,5292,69804,55065,2842,7595,19794,8831,na
  1989 Apr,493376,231843,52787,94987,13527,58023,na,100600,2777,34600,43550,28074,4397,64751,50967,2845,6523,18681,8979,na
  1989 May,499419,240127,59708,97826,13927,59900,na,102414,3820,34071,44632,27589,4809,61799,47534,2549,5314,17072,10551,na
  1989 Jun,556166,270334,77642,106257,13466,64275,na,116658,3417,38177,55755,27863,5671,63459,55939,3035,5678,20786,12319,na
  1989 Jul,563253,256772,63632,104748,14046,65132,na,120572,1662,39934,60018,28482,8233,60349,71061,3723,8981,23845,13020,na
  1989 Aug,564009,262072,72994,103974,13535,60180,na,123644,2024,37962,64606,29439,8147,60647,63165,3224,6591,22552,11432,na
  1989 Sep,547359,247029,63281,102386,13304,58476,na,122487,3276,37424,61982,26704,5459,62952,67703,3782,8051,22097,10071,na
  1989 Oct,547632,255166,64557,103569,13993,64784,na,118427,3363,39936,56214,28010,4935,52668,72899,4034,9111,26027,10431,na
  1989 Nov,562760,273769,67134,112450,15460,69904,na,116520,3252,40551,53733,29590,4305,60347,63060,3446,8616,22956,10458,na
  1989 Dec,643360,309627,83564,121218,10345,80553,na,129073,3474,45988,59860,34644,6177,82608,63268,2805,8360,23749,12885,na
  1990 Jan,575999,268161,64488,107139,14424,71195,na,122745,2110,43662,58138,36263,6085,68230,58409,3017,7440,21415,10986,na
  1990 Feb,550233,267546,63560,112052,13090,70692,na,121015,2068,36825,63307,31709,4459,53752,58653,3240,8118,21959,9334,na
  1990 Mar,593583,282518,67879,116717,14804,71760,na,130046,2103,41391,64203,33925,5526,70029,58014,3720,7897,20874,9101,na
  1990 Apr,569759,269909,65171,110828,14583,68290,na,125392,3570,44408,57290,31679,4269,71317,54518,3316,7775,20725,8606,na
  1990 May,568501,267927,63680,115999,14018,65642,na,126595,3616,46517,53131,33464,4227,64490,55783,3642,6558,20995,11781,na
  1990 Jun,625306,302663,86562,124120,13294,70338,na,143059,4162,51104,67315,30348,5446,65518,60360,2859,7201,23431,13788,na
  1990 Jul,614922,275293,70612,115991,12637,67385,na,145358,2954,51848,68711,30733,8267,59612,78971,4097,10823,27842,13061,na
  1990 Aug,634344,296848,80715,125446,11104,68302,na,147923,3293,49059,73499,34204,5511,61371,71963,4202,8590,26101,11541,na
  1990 Sep,578388,265991,68900,114688,10861,62089,na,130124,3268,42716,63045,31084,2675,57280,76420,4156,11414,26469,10674,na
  1990 Oct,593080,274030,67217,116352,11398,70547,na,139649,4669,49249,64417,30922,2786,51796,77646,3534,11291,27224,11635,na
  1990 Nov,613762,299150,71485,132991,12575,72802,na,136243,4629,47793,61397,31659,2812,63262,63501,3415,8351,24502,12397,na
  1990 Dec,719356,354974,91369,147058,12447,90283,na,147342,5248,52289,64116,37529,3916,85964,67917,3062,7564,27634,16323,na
  1991 Jan,567832,268667,61860,114955,13957,68414,na,120343,2760,36934,58016,36329,2541,60953,60128,2886,7404,23831,14462,na
  1991 Feb,509004,250499,59195,117080,12198,51182,na,106491,3180,38476,35580,31220,6114,52150,49649,2815,7098,19659,10056,na
  1991 Mar,557524,270273,65094,125938,13263,53045,na,116594,3989,43467,42099,33651,3351,64009,55680,2603,8162,22128,10999,na
  1991 Apr,573539,279911,69719,123057,13584,63211,na,124311,4379,43278,52036,31410,3924,66542,53903,3220,7563,21328,9624,na
  1991 May,578018,280875,70662,126191,14778,58694,na,134300,5382,43420,54282,31991,4955,57356,52644,3399,7227,21135,12087,na
  1991 Jun,695234,346017,100330,151265,12333,70934,na,163109,6867,57837,70449,29572,5863,66072,64374,3387,8136,25856,16073,na
  1991 Jul,655008,297219,78938,129468,12966,64401,na,161167,4598,52682,71372,33014,9690,56586,77099,4302,9572,29691,15311,na
  1991 Aug,694305,337817,95858,147764,12926,68222,na,167705,3986,50140,79553,33553,8965,58324,71126,4020,8780,27292,12006,na
  1991 Sep,642882,299518,79363,134535,12680,61836,na,154831,4755,46290,76272,32776,7353,56308,76138,4451,10762,27279,11529,na
  1991 Oct,647559,304773,78865,135041,13735,66749,na,155952,6144,49748,70928,30621,7146,53401,78752,4011,11547,28721,11863,na
  1991 Nov,671302,332544,83944,151917,13710,71503,na,150625,6364,50145,68421,30052,6412,69388,65568,4215,8743,25605,12157,na
  1991 Dec,792334,393006,113042,165774,14609,83601,na,172552,5920,58234,79324,36497,8057,89268,70321,3757,9333,28643,17794,na
  1992 Jan,645687,298231,77047,125473,16499,66246,na,154909,3408,47406,73269,39133,7084,65088,61052,3734,7726,23708,14963,na
  1992 Feb,685426,339312,86491,154754,14086,70908,na,167401,4588,50616,77554,35926,5948,60910,60282,4124,8909,23616,11325,na
  1992 Mar,647530,303345,77051,130207,13751,66142,na,162380,4498,44033,81587,33781,7259,68734,57962,3159,8524,23241,10613,na
  1992 Apr,669028,320679,82517,136580,14869,73063,na,158144,5830,53278,62277,35300,6875,72786,60145,3874,8975,24682,10067,na
  1992 May,636005,302699,77536,137504,14125,59214,na,149908,6747,49728,62201,35641,7125,64143,58136,3922,8426,20517,13728,na
  1992 Jun,740278,353840,105037,153893,14627,65129,na,188667,8406,64045,80067,35154,9985,66126,64328,3803,8863,27019,16817,na
  1992 Jul,735130,331159,92273,141195,14542,67142,na,182222,5341,58215,77692,37827,13548,65723,82310,5487,12315,31886,16574,na
  1992 Aug,750683,355490,101062,151506,14810,70806,na,180248,6001,52917,81866,40488,10326,63369,75929,5847,10649,27683,17146,na
  1992 Sep,695113,314531,87873,134727,14569,63589,na,175848,8132,52918,80544,36389,9657,63343,74317,4491,11395,27411,14816,na
  1992 Oct,684323,320200,88896,127639,15820,72834,na,160699,9649,53834,66508,36561,8712,57838,78694,4980,13087,28809,14479,na
  1992 Nov,717685,338192,88499,142307,15544,75305,na,161874,9676,57054,64688,34254,9645,76042,75456,4139,13918,28731,15648,na
  1992 Dec,839139,402513,115818,160056,15798,91392,na,187179,7569,65938,79234,39341,10124,102189,70586,3813,13264,26100,19724,na
  1993 Jan,769736,370181,93458,157326,20153,82567,na,179449,6682,59123,73010,40148,8092,76107,70328,3738,12117,26709,18524,na
  1993 Feb,664491,314636,76123,132860,15591,72073,na,164222,7731,47389,71778,36310,6953,59566,64573,4056,13132,22400,12364,na
  1993 Mar,750191,356806,92195,145460,16372,83259,na,179915,9802,62008,74337,36897,8439,74640,72204,3841,14094,30573,14477,na
  1993 Apr,735878,343569,82361,139007,18835,85695,na,172119,13563,64280,59602,41808,8099,83172,66432,4199,11988,24898,13316,na
  1993 May,713533,336797,82924,137766,18557,80403,na,161691,13909,57407,59230,40388,8255,72501,69011,4557,11954,25202,18071,na
  1993 Jun,837562,401623,111717,162621,18460,91546,na,200919,19826,70260,74049,37073,12879,82100,74909,5340,12042,29456,20300,na
  1993 Jul,810358,358973,95583,148182,15481,82077,na,206222,12571,68081,78660,40014,12388,66278,98013,7140,14766,33284,21121,na
  1993 Aug,858063,410577,114994,169695,16585,86734,na,208195,11422,64618,85486,43069,10927,73630,83876,6269,13497,29456,19440,na
  1993 Sep,748803,333722,90928,138466,15149,69942,na,184653,14621,53824,78264,38700,8546,69362,87955,6399,15372,31123,17295,na
  1993 Oct,781943,358598,94998,145101,17591,81985,na,180786,18882,58819,67161,39937,8459,69183,97775,6131,17824,32565,18614,na
  1993 Nov,802417,377257,95179,162460,17355,81854,na,175311,16066,54267,69488,38837,9905,91793,80392,5892,15986,27036,20854,na
  1993 Dec,948383,457546,131223,178932,17913,103694,na,203057,17484,64901,80056,46962,11683,112164,79911,5594,14531,26818,27539,na
  1994 Jan,789343,357641,91790,140364,21833,82998,7101,175047,10376,51188,72999,53293,9282,80080,80954,5818,15146,26600,24747,na
  1994 Feb,783258,366926,90411,160140,17912,76898,7667,192434,13213,56478,74311,43258,7924,77109,70775,4942,14243,22841,18045,na
  1994 Mar,853195,389452,106201,152618,20343,84356,10676,214697,15866,66529,91481,41879,9470,92271,78830,5275,16896,24870,17847,na
  1994 Apr,786429,359432,89732,145205,21157,81355,8982,187941,16962,54218,66627,44290,8389,89076,73187,5835,13830,24064,16109,na
  1994 May,760151,356035,92552,144215,20398,78308,7995,181336,18579,53972,69783,39230,9743,78510,68136,5632,11861,23164,20998,na
  1994 Jun,864228,401535,121886,161881,18690,78600,7363,211695,25956,65755,74893,39434,12686,86708,82067,6344,11789,32815,22482,na
  1994 Jul,874790,383217,109214,152154,18231,81019,8141,223466,13309,69509,83050,42113,12427,75354,106562,8097,15974,39085,23119,na
  1994 Aug,906320,411511,118348,162448,18691,86900,9216,233611,13400,66236,96471,43780,11072,83167,94580,7240,14252,34553,19766,na
  1994 Sep,818304,356678,101938,143761,18522,71476,7272,209939,19328,56954,87955,42011,8538,76348,99251,7267,15956,34423,17034,na
  1994 Oct,833020,371348,102568,144110,17984,85083,8573,202979,22928,59427,75510,39266,9545,73365,108036,7984,20196,37627,18462,na
  1994 Nov,849365,389426,101719,157672,17839,89462,8679,201686,20625,59498,79988,39508,8959,96897,84929,5593,16278,28425,19008,na
  1994 Dec,1015697,471266,138437,177897,17693,107845,7858,235904,22792,72754,88348,48906,14882,119659,85391,5514,13837,30701,28239,na
  1995 Jan,859226,378379,97057,145659,25120,86047,9405,214883,13906,66000,81589,53996,10496,85540,83279,5891,14016,29750,23351,na
  1995 Feb,832140,397112,102661,165580,17640,86190,11686,209290,18459,53533,78359,47197,7438,77483,70423,5721,13547,23021,14497,na
  1995 Mar,887759,411659,108143,159014,17979,99260,11537,226414,20052,64433,94092,46844,9537,95102,72854,5596,14836,24319,15884,na
  1995 Apr,818419,371018,97831,145710,15646,88491,9467,204227,21224,62656,69050,49547,7635,84562,76694,5414,15826,27134,15263,na
  1995 May,824853,384574,102809,161239,14472,82330,8059,200346,24197,57349,72900,46542,9898,82547,73440,5268,13442,25136,19833,na
  1995 Jun,942016,430262,133638,171178,14619,86240,8513,236699,27435,66550,88651,47846,12528,91849,89262,6765,14099,35554,24961,na
  1995 Jul,953656,403630,120395,159827,15901,81654,9957,262462,18885,75670,97578,53200,11904,78699,111889,7037,19453,40996,22655,na
  1995 Aug,971243,426108,125631,169467,15626,85330,10964,269044,17741,74850,109830,50924,11331,81683,103511,7446,17689,38365,18918,na
  1995 Sep,904812,400184,117289,161622,16742,78719,8986,231051,25230,62910,91932,49571,9246,83982,104241,6543,19503,36427,17285,na
  1995 Oct,915900,416352,118464,161764,17543,92575,9525,222668,-,64132,81934,49404,10240,77387,111023,7979,21210,37902,18509,na
  1995 Nov,924870,424680,119863,165091,18160,93040,10377,224377,24420,65508,89701,49183,10122,97538,88551,5217,17412,30209,19605,na
  1995 Dec,1084845,499837,156478,177397,17423,113927,10501,259678,27674,81040,93639,58008,15403,119577,89939,5163,15561,35110,29929,na
  1996 Jan,890630,393050,108266,139103,24204,93487,10396,223340,15284,59939,94335,57829,9989,84290,89576,5628,17286,33633,22452,na
  1996 Feb,901146,415980,124951,150631,19756,89659,10724,234487,21281,72306,81857,47769,8839,84939,78549,5298,15701,27083,20082,na
  1996 Mar,965904,432402,117823,156948,22938,101253,14556,253898,23727,70074,104730,56308,9259,93703,91217,6125,19501,30992,18836,na
  1996 Apr,895006,419667,117307,152439,24905,95386,11043,216344,22275,67786,77358,52695,9236,87967,83604,6729,16352,29390,16824,na
  1996 May,890622,412061,119634,149944,25010,88429,9481,220717,27279,67380,75364,49494,14035,85150,80184,6018,14652,27725,20337,na
  1996 Jun,1053528,469377,163225,160510,23546,94621,9670,279041,34441,85510,95316,53975,9983,100271,101666,7560,15634,40006,28689,na
  1996 Jul,975918,421991,134221,146910,21381,88889,11230,260784,21446,78792,97807,52516,12929,80764,114670,7455,21507,44050,22797,na
  1996 Aug,1004871,442673,136108,159754,22615,90973,11637,271883,20827,84331,105598,55295,11280,85566,107021,7131,20611,39901,20329,na
  1996 Sep,897453,391273,125703,141095,21739,76529,8930,227331,22733,66972,90537,50412,8473,81163,108149,7891,21651,37597,18642,na
  1996 Oct,946843,420258,133139,145821,23286,92623,8759,238816,29887,71538,84010,52535,8431,79595,116062,8500,23522,41419,20870,na
  1996 Nov,992707,455681,134255,163156,24161,103750,10170,244287,28011,73310,91828,51890,8717,100025,98272,7162,18738,35979,23294,na
  1996 Dec,1172766,536220,168558,188149,25208,118232,10096,284626,31184,88871,105319,63626,16799,123414,103310,8510,18040,37900,31250,na
  1997 Jan,953462,414155,118184,137604,31453,96799,11194,230242,20726,63479,91409,69523,8547,91468,100071,7809,18519,38191,27875,na
  1997 Feb,970646,445411,133246,157638,25326,96508,12809,251541,28525,69974,93073,55786,7919,88424,89455,6464,16666,34323,21109,na
  1997 Mar,1030349,462687,138512,155358,29257,105245,14221,266150,28727,80215,99395,63787,9243,98516,97825,7353,18571,36155,21038,na
  1997 Apr,937720,432913,125049,149059,31396,96181,10831,231332,29971,66585,82350,57223,8988,92925,87684,7779,18169,30620,17718,na
  1997 May,947564,423878,119200,155963,29142,89779,9398,232920,33753,67835,75045,63499,14580,92638,89432,8103,16467,33531,22047,na
  1997 Jun,1072036,479318,162021,162746,27558,95991,10753,261998,38578,64955,93374,61235,11805,104006,112506,9918,18716,42961,29919,na
  1997 Jul,1044618,451825,155219,155334,27513,85419,11444,268228,25657,71974,101472,63956,12152,87932,125542,11602,22848,47176,24972,na
  1997 Aug,1020296,442604,144093,160005,25762,83986,11268,260457,25154,68306,107189,65727,11224,91228,116916,11113,19932,44439,22012,na
  1997 Sep,966847,407938,135033,146375,24036,77377,8824,245976,36458,62397,95159,60375,10310,92591,118216,10794,21702,42008,21008,na
  1997 Oct,896778,377324,121490,126428,24720,78624,9592,210222,34927,55818,74666,61687,11076,87240,117154,10403,22328,44376,21068,na
  1997 Nov,949830,411064,121260,142294,25378,93092,9721,223148,32289,63346,81196,62513,9527,109003,98157,8627,17403,36526,26338,na
  1997 Dec,1125823,486207,136735,171032,24431,121611,10171,264880,37509,81410,91361,70132,18109,136010,105648,9357,16317,41780,31772,na
  1998 Jan,893575,368589,101706,126097,29489,82982,10913,208846,27293,62662,68880,72300,9488,99502,96362,8756,17405,38260,27956,na
  1998 Feb,864256,364537,86977,136932,23190,88816,12747,209515,30718,51991,74204,68258,7317,87797,97957,8565,19266,36901,19405,na
  1998 Mar,898977,382187,86188,142718,25608,97714,11230,212393,29031,60349,79203,63145,9087,104893,98263,7836,20257,37312,19838,na
  1998 Apr,903140,381978,91945,138968,29149,93783,11285,207561,33018,65009,63607,63672,13360,109680,98554,9050,20891,36851,17680,na
  1998 May,929296,408968,118284,143702,26032,94665,9380,216373,34997,62214,63755,64077,12617,106061,89168,8242,19080,35049,22623,na
  1998 Jun,974009,402750,81867,156790,27268,109992,9810,247016,37941,71401,79077,59085,13806,109052,105650,8328,19709,44191,27069,na
  1998 Jul,944507,361019,89746,127968,25877,90411,11173,243965,28433,69555,92309,61583,17309,97762,128911,11715,26919,48764,23233,na
  1998 Aug,983613,390915,101014,137336,26761,99238,12641,250291,28574,70942,96154,63022,12414,108832,124776,11714,24836,44843,21600,na
  1998 Sep,892006,348338,96938,123402,23390,80908,9521,215219,30903,59408,82141,59447,9939,105693,121338,9683,26236,44653,21496,na
  1998 Oct,946332,383157,109208,123069,23198,102663,10394,222729,41310,63524,68534,60673,10202,101972,133348,11734,30565,47293,22206,na
  1998 Nov,941033,372989,99787,112379,23609,109520,10874,226503,36499,65745,73198,60681,10209,119588,116875,11712,23339,43020,23459,na
  1998 Dec,1120795,436736,117449,131877,22786,131650,11008,284130,43862,90142,89188,71722,17345,148803,118798,12616,21195,46886,29169,na
  1999 Jan,990089,393666,114537,111462,32410,106454,12719,227537,30833,63640,80679,75524,10962,121649,120870,11803,26727,41256,27245,na
  1999 Feb,921602,374159,97820,124473,24892,98850,11840,228601,37702,63747,74263,66254,8634,102678,109196,11420,22638,41288,20877,na
  1999 Mar,1002099,411010,113406,123590,29428,111906,16283,237970,34990,63610,90257,67680,11438,122906,118226,12423,24666,47222,21611,na
  1999 Apr,952797,390343,106180,116245,31771,105857,13529,222579,39199,62041,69053,70874,15210,125546,99466,10560,21389,37720,17034,na
  1999 May,946610,407224,122647,123465,31098,103669,10464,216500,41495,59879,64538,71858,9291,114038,96612,10210,21736,36440,20892,na
  1999 Jun,1074059,415460,95407,138882,30463,121601,12177,281003,53715,77069,85645,66509,16899,134095,119055,12044,22826,49328,29108,na
  1999 Jul,1051683,399886,110946,127632,28093,102236,15025,268513,37088,75374,89553,71644,18740,111754,141247,14099,28619,57393,27013,na
  1999 Aug,1064156,423015,122693,133323,27815,105374,15457,267016,32657,70744,105768,70517,13976,126493,127726,12754,24869,50187,21826,na
  1999 Sep,999213,395120,121364,128616,27739,92632,10759,245895,39245,63915,91162,67234,10746,120862,128589,12112,23869,54520,18046,na
  1999 Oct,1045569,409471,110305,131914,28336,112774,11326,248951,47620,67592,82021,70211,11688,118329,149159,15207,29242,59892,24269,na
  1999 Nov,1065899,420990,104339,135220,28578,123658,12463,257200,41002,72862,85550,70840,12005,136741,131406,11858,25449,57192,24639,na
  1999 Dec,1162625,466685,126737,150096,25928,131220,11735,287366,44975,85433,89628,82261,16547,153916,112120,10457,21360,46002,29938,na
  2000 Jan,1045092,413450,120322,121018,35228,111636,10885,245586,34013,69711,86339,82624,10883,133358,119735,11469,24251,45630,26225,na
  2000 Feb,1042395,423172,108219,140873,28769,112799,15578,262736,44500,69344,84269,75720,9773,116833,118685,11424,22852,48556,23197,na
  2000 Mar,1100033,452560,124415,140595,33325,121424,16636,266972,38781,74961,97273,79146,13960,137533,111054,10737,21926,43837,25519,na
  2000 Apr,1118255,442421,117352,137920,36480,117760,14842,271424,49473,84503,75681,86546,16467,144664,120093,12110,24330,46392,22339,na
  2000 May,1056417,437495,113530,141765,36619,116064,12963,247600,47049,73059,68447,84622,10466,133268,103662,11045,20625,39014,27886,na
  2000 Jun,1174014,458701,130476,145721,30892,119888,13775,299526,56856,88672,84437,78314,21284,143898,126471,12126,23108,50762,33101,na
  2000 Jul,1180515,443508,130962,138135,29272,112293,16357,303750,41720,87920,99791,80554,19642,132148,157857,13596,29708,67690,29234,na
  2000 Aug,1158741,444483,127648,145755,29637,105648,17764,293458,38873,84901,105872,80694,14889,143561,143390,12145,27917,59691,23906,na
  2000 Sep,1121235,423607,126821,136372,28194,103536,13125,286654,56587,82193,92951,76262,10424,138492,147065,11463,27937,60317,25519,na
  2000 Oct,1142458,430602,124236,139806,29193,109595,12462,277854,54012,78192,89552,75816,12264,135752,167069,14131,30549,69349,29108,na
  2000 Nov,1133556,433948,114142,141943,26806,119924,12887,275317,50383,80740,90741,77593,12692,160483,133291,11317,25609,59086,27443,na
  2000 Dec,1272897,469931,128598,146896,25279,133773,13157,321552,60253,99420,98011,83159,16024,191622,142190,12285,24673,68296,33699,na
  2001 Jan,1164672,431224,115362,130138,34866,116099,15799,287006,54210,89147,85980,93263,11793,163881,131596,10880,23638,60469,31850,na
  2001 Feb,1004780,403155,108701,125339,26309,108692,17471,239169,39701,61990,85205,80326,11045,116360,121526,11712,24888,52375,22619,na
  2001 Mar,1158157,463090,124848,143255,31161,127617,17973,278970,45756,84529,96285,84574,19184,151771,125817,11226,25026,54893,22687,na
  2001 Apr,1095673,433444,114670,132264,35439,117122,15134,264885,52287,79243,77559,78464,13410,155852,116938,12435,24637,47877,20663,na
  2001 May,1082517,442169,114638,146426,32439,117248,13018,257005,52877,75440,70313,78241,12860,146238,108074,11114,22706,41334,26948,na
  2001 Jun,1195115,471051,133007,146886,30622,126720,14876,297440,58859,90455,83053,74258,20505,155790,132088,13893,24370,55092,31915,na
  2001 Jul,1195365,463620,134499,139246,28116,125253,16924,289614,46398,82709,93070,78385,19504,146288,156602,16251,33728,62854,28709,na
  2001 Aug,1170932,461833,134653,142299,28451,117532,17955,284904,46693,78212,100180,74690,15572,150608,146730,13353,32484,57713,23870,na
  2001 Sep,1081657,420566,131829,129751,25937,101839,14102,252938,56247,71564,78087,67630,11371,149996,147649,12611,31920,59237,18779,na
  2001 Oct,986199,391388,117909,115435,25161,104821,12434,218158,57856,61953,51721,59408,11187,131838,146638,14267,32111,59220,16427,na
  2001 Nov,978632,384967,103426,110446,24225,116974,12816,218423,51321,65346,50236,60357,11147,150174,123922,11416,26922,52324,19760,na
  2001 Dec,1219468,474188,138826,125996,25203,149701,12987,293539,64579,93734,73343,75576,15348,181821,138305,12928,27670,62108,28654,na
  2002 Jan,1083620,412527,116717,106958,37006,120485,14546,242179,47903,67510,67610,83957,12635,158347,137946,13644,29233,57906,24677,na
  2002 Feb,1042812,406968,106207,115959,27044,125030,14649,260386,58369,72956,73246,69453,12142,134784,127489,14280,24953,53508,21111,na
  2002 Mar,1177316,471673,134453,127362,33657,139559,18788,275825,58347,78154,83667,77959,19072,158295,141337,15140,28020,58728,21631,na
  2002 Apr,1112304,444148,117023,120026,37137,133777,17274,265616,68240,69182,71903,76565,12559,159033,122750,13712,27980,41491,20648,na
  2002 May,1113677,456819,123486,135484,35732,129980,15084,259619,66056,71786,65216,79484,12336,152649,114007,12176,24253,41165,28271,na
  2002 Jun,1199064,473675,148303,126610,31871,132394,16314,288722,74841,81551,75273,70407,18683,164647,138816,14610,28077,52859,31597,na
  2002 Jul,1169308,445743,137092,122356,28102,121802,18697,287627,59534,78388,87638,68503,17829,145179,163192,16109,35785,58941,29437,na
  2002 Aug,1165727,454419,139045,125430,29621,121168,19333,285959,55877,71819,98334,73181,15661,147739,150738,13818,32933,54577,26398,na
  2002 Sep,1105115,416710,130141,113659,26814,114113,15686,274447,70880,66373,89327,66492,13495,149994,151889,13160,33979,56826,20915,na
  2002 Oct,1121857,432275,124973,117730,28539,127048,16644,271455,73256,67471,76248,67383,14870,138726,161609,13883,37521,60883,23487,na
  2002 Nov,1094579,404757,91888,114540,25198,135519,17953,270982,74587,69924,73551,68248,12887,165880,135028,12889,29044,52836,26074,na
  2002 Dec,1341856,503500,145422,130276,26515,158941,19446,341155,85815,97590,88674,83501,16940,197927,149393,14724,30207,62092,35582,na
  2003 Jan,1160294,422320,116815,104115,37460,123944,19710,270016,65653,72340,71941,90677,12812,171956,146120,15357,30281,59349,33165,na
  2003 Feb,1075361,431058,111506,113553,27624,137762,22481,258138,69638,64485,68686,76663,11670,137153,129503,13852,29232,51084,21175,na
  2003 Mar,1053850,423322,113642,109605,28868,130884,22311,236180,64806,56957,71528,78113,15513,155375,114957,11559,25937,44606,19483,na
  2003 Apr,531247,185708,57866,42131,20732,46561,8876,79943,22920,13753,28135,47244,5842,113988,84281,7673,18301,38302,8300,na
  2003 May,447755,169925,62938,36103,18360,38983,6297,47943,9431,9739,18655,43629,4519,99514,68036,5700,15473,30380,10224,na
  2003 Jun,707534,296708,107167,66576,22996,77847,10026,106078,18683,29918,34755,57244,7867,120995,94360,9246,17753,43801,18618,na
  2003 Jul,994704,388003,128180,91207,27856,111134,15503,204588,41052,61357,54029,74032,10384,141116,145102,16499,30707,59258,22436,na
  2003 Aug,1060772,406294,121020,98590,29796,124467,16867,245816,57511,66027,69133,76288,10936,150361,138278,14501,27854,56523,21857,na
  2003 Sep,1052973,396515,118253,100302,27956,119708,14452,254355,73285,59960,70980,73493,9611,148698,140276,13471,30652,57661,20167,na
  2003 Oct,1079953,413742,120047,105401,29615,126775,16595,253748,75338,61311,61627,74737,11043,134108,158831,18393,33453,64883,22248,na
  2003 Nov,1109916,425182,122725,99088,26692,140866,17893,255106,74256,65930,60365,72342,12189,168481,139267,14480,28814,59472,27123,na
  2003 Dec,1313217,499005,149699,111850,29324,164318,20547,308234,85838,78062,79177,94359,14794,201359,148965,17391,28840,64661,33887,na
  2004 Jan,1185984,436855,124061,97919,38701,134532,21954,277691,83696,71573,64347,98646,13803,173675,139731,16099,27708,61769,34016,na
  2004 Feb,1031209,392335,115823,92091,30490,115107,21613,229256,63249,54759,63454,88183,15313,137701,133459,15053,28975,57875,25925,na
  2004 Mar,1110753,430916,124836,103769,33870,129683,21063,252253,69906,62545,71179,86895,15308,162488,124840,13027,25985,55498,26644,na
  2004 Apr,1125848,437612,119856,102485,40356,136492,19263,274401,92918,65108,63785,83660,14337,162980,118538,14916,24394,48343,23443,na
  2004 May,1101155,426968,119476,102214,36301,133976,17584,266646,80698,71347,60012,90765,15899,150304,108605,13860,24067,42722,32739,na
  2004 Jun,1259022,487512,150544,106840,34020,156093,22680,319653,98972,88278,72672,84025,24452,167542,129252,16389,24937,52845,35846,na
  2004 Jul,1266151,467852,143097,99923,32513,148689,25904,326394,100585,85627,79690,88665,23387,154116,159853,20002,34010,61305,34655,na
  2004 Aug,1211115,454347,138175,102189,30662,139197,25816,307226,85069,82189,84762,87737,18044,160445,142119,16591,29491,54645,29718,na
  2004 Sep,1142316,418364,135038,91962,29832,128009,18314,292619,92488,70413,79219,79741,13951,151581,149364,15468,32635,57787,26053,na
  2004 Oct,1201403,447068,131518,96317,32648,150697,20379,303180,101953,74884,72487,84766,14799,141462,167829,20940,35412,64103,30656,na
  2004 Nov,1259116,472211,131483,103121,30726,164591,23096,326862,110759,85606,73509,80948,15310,179565,141465,15085,31322,58508,32350,na
  2004 Dec,1442286,544639,160859,111753,31984,190424,25370,365386,115707,101952,78923,98832,16192,212689,151445,17858,30622,63120,40195,na
  2005 Jan,1190146,427964,130134,87066,43473,122487,26286,278418,77361,79807,67667,99625,14182,174115,146580,17297,29087,61074,38834,na
  2005 Feb,1088066,401811,120175,89878,32330,115662,26761,278654,90414,74481,61966,79396,17789,146751,127303,14693,27480,52758,26682,na
  2005 Mar,1238376,478510,143603,103577,37423,148069,27320,308412,91411,93331,68012,91543,17275,170221,133029,15491,27885,57574,28331,na
  2005 Apr,1208958,456361,129120,94418,44336,141394,29310,315854,102670,83159,66464,94834,15925,172627,117943,15268,26390,43820,24628,na
  2005 May,1222552,476628,134540,104930,46712,147118,25725,310776,97325,90697,59151,100036,15999,162565,113141,13781,24889,43179,34535,na
  2005 Jun,1365817,514009,157997,110347,40369,157427,28932,358322,121688,97130,67625,98331,22930,184496,140251,16370,27659,55972,37424,na
  2005 Jul,1380241,506642,153797,102120,37704,159621,34486,367059,113643,101854,74013,101435,21068,166734,168413,20368,37085,61058,37627,na
  2005 Aug,1305078,493779,148968,101950,38675,151816,32695,336029,95146,93628,79780,97286,17788,169834,149790,17114,32977,55079,30071,na
  2005 Sep,1252628,469658,150777,94865,38150,144436,24783,320401,107622,82074,73590,90426,16164,163132,153881,17301,35001,57168,27097,na
  2005 Oct,1274683,481007,144100,97979,41517,153815,25912,325115,107558,84064,68907,97325,16445,147251,164842,19336,36607,60782,31329,na
  2005 Nov,1332961,483284,125602,95814,40884,169574,28698,368050,118999,101911,73796,92482,17083,189750,138791,16519,29637,55337,31787,na
  2005 Dec,1504565,542341,155720,107622,41459,180988,29370,398937,116314,112138,82298,117229,20253,221671,149389,18236,31148,59882,40847,na
  2006 Jan,1335643,480896,130325,92952,53166,149060,30488,329780,99597,90869,64196,119931,17961,181884,153232,18693,31535,60757,39460,na
  2006 Feb,1218154,470244,122457,93508,41419,157769,32451,294727,94612,70392,64818,110945,16965,149599,136464,16377,30396,54745,28781,na
  2006 Mar,1349776,523000,142270,104725,46518,170889,34540,340748,105952,88985,77816,113269,20997,177345,132165,15895,27766,53204,30637,na
  2006 Apr,1361586,508175,137958,100462,54359,158055,33721,354210,120678,93463,67629,118930,21456,189151,128005,17133,27265,46976,28691,na
  2006 May,1301587,513461,141403,107174,56236,155935,30749,326814,107507,87940,61308,116843,20060,165327,113833,14813,23553,42315,35862,na
  2006 Jun,1446210,541621,164929,106344,48771,165654,33774,382838,128200,102491,70488,111375,25805,195626,138836,17588,25473,55715,39909,na
  2006 Jul,1458461,534304,154183,99306,47510,172801,36904,394330,134629,101025,74315,113643,23837,167702,172412,20796,33736,66288,39711,na
  2006 Aug,1396172,528344,154972,104040,46593,161218,37073,355163,109294,90122,80442,113109,21323,177169,157190,18131,30193,59556,31557,na
  2006 Sep,1314222,479164,145383,92909,45648,143122,31901,336442,116321,83139,71342,107549,18131,170053,162743,18479,32676,61131,28059,na
  2006 Oct,1412937,520812,160780,97096,51573,153450,34829,375456,133232,92040,73847,109832,22717,163261,175904,20464,35917,66574,32525,na
  2006 Nov,1422379,524123,147479,102994,49162,164219,32874,391635,134529,100719,76716,112285,22132,178725,149290,17988,29625,60256,32447,na
  2006 Dec,1660695,607788,179062,110150,48634,198577,39131,449720,145409,114543,90975,134183,27594,225338,161276,16832,31856,66133,40415,na
  2007 Jan,1431639,526980,143867,94108,62450,161735,36858,343828,105509,87483,71362,141806,23514,185516,158606,17027,31825,62540,38094,na
  2007 Feb,1297496,473927,125107,92677,50517,147180,32517,347826,122727,83143,71944,117445,20593,159850,137957,15092,28485,54481,29482,na
  2007 Mar,1458457,554532,157949,106953,58002,160829,42650,369383,126320,92345,77476,132444,25781,188349,142706,15705,29374,57237,31400,na
  2007 Apr,1423826,534387,147112,102722,60633,156979,41803,375616,138175,92761,68899,133643,25218,188711,123952,15069,25427,45498,27952,na
  2007 May,1370474,526460,152673,105854,58802,146480,38399,345506,123590,89535,59449,138375,22765,176554,115389,13349,23393,43459,34379,na
  2007 Jun,1540784,573523,177974,110366,56489,156237,46606,418322,149778,108706,75029,130487,29726,196206,141007,16034,26740,55303,39038,na
  2007 Jul,1527157,559980,167997,103513,55418,162225,46311,413552,143141,107897,77197,131313,25620,173056,168316,17694,32539,62617,40396,na
  2007 Aug,1486512,569345,172168,111549,54720,155438,49643,385853,127668,100146,81654,131190,22611,176336,155470,16295,29704,60217,31123,na
  2007 Sep,1393988,502030,151679,95767,51798,140676,38696,368433,132192,90832,77422,122675,21155,181933,156617,15635,30469,60357,27466,na
  2007 Oct,1476108,547890,167311,99235,54003,163311,40552,394837,143673,98724,76832,122685,24634,163928,173329,19737,32855,64881,33431,na
  2007 Nov,1509807,551436,157850,104064,51913,164663,44778,416660,148113,106517,78695,130041,22708,189722,153038,18514,29019,61480,32855,na
  2007 Dec,1723309,599529,178770,107938,48207,178989,51748,489850,166858,121444,97851,153301,28692,235390,161233,19703,28559,64291,37573,na
  2008 Jan,1521835,550180,152551,94511,64629,164062,43931,383742,133038,97150,71672,162446,23311,189945,163561,19923,30597,64498,33486,na
  2008 Feb,1409338,541942,148677,108511,55676,152019,48291,366007,132459,88921,71665,135867,20687,162371,146462,17364,28355,58668,25046,na
  2008 Mar,1575765,608895,168509,117037,60251,176684,54180,398592,137722,105421,79438,143916,28294,195452,158403,18974,27783,63031,28691,na
  2008 Apr,1475385,564960,161639,104943,66036,152979,50666,366045,139610,86397,68453,140704,27589,193714,144680,19013,26449,47933,24345,na
  2008 May,1482737,571262,162199,111772,66619,155039,48324,369293,129432,95414,65245,151791,28214,184940,135487,16796,24236,47698,30398,na
  2008 Jun,1584192,600280,189121,113576,62174,152480,53829,402675,136440,107478,76013,139527,32988,199348,162071,19336,29435,57848,34896,na
  2008 Jul,1568864,584575,180705,110034,62418,148372,55015,382963,125647,103069,75366,137234,31732,190977,191994,21536,34304,68201,34216,na
  2008 Aug,1501358,586346,187969,114605,62081,137978,53216,337736,102597,87669,76947,137064,27468,193976,177393,19853,32808,64759,26545,na
  2008 Sep,1395361,511357,183651,97438,61630,99197,43323,334042,111631,89435,68895,123941,23188,187865,179341,19305,32908,66557,22912,na
  2008 Oct,1500119,543096,168158,103137,63399,129602,49751,382833,133087,95015,76535,133494,28002,174967,195944,21400,36362,71666,26781,na
  2008 Nov,1462377,526698,159394,111907,59311,112770,50139,382449,127856,104332,72697,132087,28457,189420,164634,18852,31146,60629,25999,na
  2008 Dec,1707899,601987,183634,159509,58307,101534,59832,454431,135491,127967,89215,145702,40183,241222,177953,20159,32113,66259,29165,na
  2009 Jan,1492315,553720,147418,122947,76354,121599,53345,362917,121855,104877,62018,140156,31807,196054,165876,19111,30862,63598,26236,na
  2009 Feb,1249465,501952,136347,117627,58352,109665,50706,295448,107264,73822,58345,111979,24767,147791,140023,15597,27143,54499,17467,na
  2009 Mar,1396331,584815,166545,138489,63251,134602,49607,329413,109158,97801,61365,111734,35324,171022,135670,15775,26506,53207,18652,na
  2009 Apr,1412496,581414,167220,133477,76025,123331,50834,338723,116884,97639,58947,117835,34420,182303,130693,16510,25635,47807,16452,na
  2009 May,1331036,559964,172816,134723,75233,103112,45853,295262,104867,81740,48805,124762,33113,166072,123543,16078,25364,45375,19472,na
  2009 Jun,1490813,636136,204891,167333,65113,118518,51779,331112,115988,91989,53578,122470,41113,183366,143426,18242,27111,54625,23193,na
  2009 Jul,1543389,626552,199391,166659,59492,116850,56520,352668,118018,100816,69284,130654,40799,175338,180448,23271,34188,62764,25359,na
  2009 Aug,1529324,648236,202829,176720,64934,123153,52123,350301,112847,99959,72011,123548,32456,176188,165159,21179,31629,59126,21377,na
  2009 Sep,1481373,614709,192745,167210,63864,120269,44435,335487,115920,89981,72574,116083,30129,189468,165898,19630,31887,62712,18494,na
  2009 Oct,1602157,671581,197032,186282,65790,140533,51077,369721,135683,96689,72524,132226,30636,180229,182691,22914,36183,64416,21771,na
  2009 Nov,1609236,688244,194824,187313,69139,149276,52515,372884,132164,102447,68673,124860,32091,200150,154100,19494,29923,58320,24512,na
  2009 Dec,1888091,788411,231400,220762,68183,167907,58713,455308,154763,118118,87539,152293,38452,245820,165263,20390,30497,61666,25394,na
  2010 Jan,1681005,709658,189853,175570,89767,162388,54942,374274,124009,101682,66201,163322,32479,194993,164018,20511,31012,61494,27459,na
  2010 Feb,1499346,645369,178561,169690,69734,145169,50076,355940,125838,96701,65248,126665,28927,168186,143125,17665,28009,52041,20596,na
  2010 Mar,1674208,729547,213416,185620,80097,152912,59732,400572,138597,115341,72459,131374,35362,194772,148767,18873,32052,50859,22407,na
  2010 Apr,1617186,709163,206821,180732,90688,135764,59826,399113,142842,109635,70447,145843,34992,181622,116623,15361,24963,36271,18841,na
  2010 May,1613748,698934,224962,183239,92053,106731,57631,388872,132909,112251,63175,153846,33668,174766,126845,18081,29094,40304,27758,na
  2010 Jun,1787760,764860,263831,199485,82578,118092,65851,446639,155322,130398,74139,147646,38853,200538,149182,20295,31676,51586,30523,na
  2010 Jul,1794126,767248,254470,187621,76552,142478,70993,441508,151451,134574,73313,141809,38819,183879,180899,22998,37603,63403,28118,na
  2010 Aug,1681797,726611,232842,178953,71934,146474,63650,410613,135914,122004,76845,133801,32735,183654,162864,20267,36704,56557,21295,na
  2010 Sep,1644663,701385,239771,174098,69636,132630,56752,397575,140638,117514,69528,125849,32420,193515,164621,20282,36473,58401,19352,na
  2010 Oct,1737287,759149,248815,181296,79042,156024,60356,413794,142765,118658,72918,137608,33280,169456,188947,22244,41020,66880,24240,na
  2010 Nov,1738373,745740,231656,186042,81447,153855,58259,432257,137722,129246,85047,139003,34665,196839,154610,19302,33632,55268,26316,na
  2010 Dec,2016952,854128,276477,209710,83224,174932,66770,501015,151054,147100,99828,164233,43803,244568,165849,20074,32188,60579,27820,na
  2011 Jan,1859658,804680,235972,183393,112044,170538,63867,440448,140411,131726,79378,169199,35311,204997,161931,19587,32698,60398,29975,na
  2011 Feb,1670471,763718,220549,187806,90627,165197,65228,405064,130477,112905,84745,141115,31315,162797,139314,16707,29507,50957,20096,na
  2011 Mar,1816430,842755,252654,198590,95757,190704,66707,435743,141487,134584,77057,142993,40205,187105,136843,16188,29107,48552,23466,na
  2011 Apr,1831259,825559,245463,192641,116817,173747,61685,434391,154413,142376,49521,146445,37344,211523,146056,17710,29729,53413,20742,na
  2011 May,1818880,840917,254322,201154,116851,174268,60644,416112,141638,128875,55701,158232,37468,191006,137852,18347,29642,47005,29493,na
  2011 Jun,1990616,897158,302839,218226,98305,173016,69290,483003,162095,152993,64928,152301,44873,212382,160259,19392,32638,55929,32340,na
  2011 Jul,2056049,889606,289582,212795,93255,176800,78931,528120,176885,164597,80328,160941,41005,195314,201770,22788,39765,69555,29646,na
  2011 Aug,1871360,839117,278479,201388,91221,169074,65336,472330,149828,141312,87108,140454,34251,184326,171223,19523,35406,60675,21887,na
  2011 Sep,1861845,791431,247205,186612,92112,169659,62374,473452,159043,138483,81037,144152,32254,206378,181655,21063,37287,63968,22888,na
  2011 Oct,1893500,826752,261947,191546,99169,176231,61959,463679,157669,130683,77614,155424,33063,188400,190769,21763,39783,64328,24570,na
  2011 Nov,1865818,779906,259268,206764,90836,116675,66010,491809,156774,147514,83226,158316,39736,206871,156848,18263,35267,54233,23783,na
  2011 Dec,2242263,935310,305269,231270,93724,182567,75187,586790,183972,175179,93227,188344,53934,260191,176488,20111,36865,62534,29539,na
  2012 Jan,2109494,906529,266279,204541,129431,184385,78072,542664,194666,154444,81299,187432,43018,214456,174804,19955,39119,60181,30821,na
  2012 Feb,1851000,847694,258203,192225,97327,187689,71354,445560,156853,114653,84874,163127,34601,174128,155895,15685,37831,53081,22392,na
  2012 Mar,2087238,947792,288242,212397,105728,221593,75300,508864,172904,147892,92839,169296,50789,211402,165905,16728,37746,58400,23909,na
  2012 Apr,2054888,921912,270407,202283,126399,210459,71838,507157,181460,141839,82811,180685,42717,216987,154100,17828,32896,50128,21945,na
  2012 May,1972646,906059,276292,200977,124711,195579,68432,457799,161829,127583,71763,183175,42142,199064,146432,17816,31908,46915,30606,na
  2012 Jun,2184433,961362,320113,218440,104297,201515,76909,527781,185675,149889,81870,178919,51132,238822,180361,21073,36112,63702,36983,na
  2012 Jul,2148193,913176,284395,203610,95330,206623,82617,550884,199618,153203,88922,173007,46993,211928,208130,24322,44867,70873,34782,na
  2012 Aug,2079441,904928,288369,205000,92043,203864,75601,532269,182604,148449,97740,164440,45050,218510,178094,21007,40246,58217,26677,na
  2012 Sep,1949613,830314,272548,186697,89318,182071,63947,469796,170181,125760,85586,157076,37640,236005,186504,21375,39742,63237,22408,na
  2012 Oct,2075010,907848,281309,198924,97083,216101,69566,510252,183814,134801,86870,165541,41809,206723,204999,23620,42444,71001,27586,na
  2012 Nov,2102448,924145,276326,211914,93809,222200,69881,536047,185766,144109,92405,171111,37622,239104,159950,18691,34408,57878,26340,na
  2012 Dec,2441550,1041096,318413,248281,95201,243044,77669,624926,204894,174289,102105,212469,56056,283395,179562,21025,33208,67933,32846,na
  2013 Jan,2160774,932248,264761,197817,126554,220764,70334,527059,179027,137958,89487,213399,44134,224888,178088,23192,33821,66452,30768,10190
  2013 Feb,2001547,867730,253271,198645,97034,201585,68909,534663,197259,137301,95702,177713,44705,198570,149448,20097,29739,53214,21653,7065
  2013 Mar,2251713,1019264,304817,225906,108256,244972,79883,569852,196041,155144,106254,179377,58573,228431,163721,20696,33630,60200,23768,8727
  2013 Apr,2112175,970757,277282,205556,125896,237186,74511,530807,202468,127018,94840,181982,43956,218671,135400,17538,28662,40270,22212,8390
  2013 May,2091320,997638,301488,225988,126152,226382,69701,487824,171225,125310,83707,194090,42983,198544,133050,16882,26018,39957,29817,7374
  2013 Jun,2315861,1059319,344701,243689,108049,233475,80248,552238,192926,139369,98420,191531,62209,240265,165766,20119,28991,53115,36292,8241
  2013 Jul,2263773,974929,305275,218589,96122,223206,83765,591689,219422,153700,99813,180707,56278,225935,195132,24351,37862,61311,31447,7656
  2013 Aug,2300798,1033652,351027,237581,99469,220472,77317,588600,206103,145299,118729,181966,55475,223755,182409,22703,37091,56936,26124,8817
  2013 Sep,2115158,947771,312348,218259,90929,216233,67448,526786,195383,127691,97944,163583,42766,230890,173242,18623,36747,52310,21099,9021
  2013 Oct,2150448,987327,319934,222580,101749,217670,73024,529129,177801,131279,102931,166833,50337,200972,183499,20936,39978,50816,24029,8322
  2013 Nov,2164238,991412,308167,238309,95993,216466,74181,553864,181240,153096,102584,179462,41890,221142,147495,15785,30931,44156,22112,6861
  2013 Dec,2572554,1146801,372597,278765,102489,240114,85639,643997,203226,182532,118099,215026,61370,302573,167326,19280,29374,53924,25340,10121
  2014 Jan,2265436,961176,305490,210472,126633,182679,76808,597316,208383,168380,96727,210619,55484,241053,164504,19961,30104,53190,25544,9740
  2014 Feb,2060429,926930,297810,227739,97195,166561,79378,539713,191437,139937,103284,190438,48528,192331,138795,16710,28957,40552,17115,6579
  2014 Mar,2211879,1015913,326852,238194,106892,197077,85776,582875,184918,168466,113070,183161,55028,210630,137115,15699,28620,42303,19976,7181
  2014 Apr,2159701,973606,300568,218810,122653,194988,78573,551290,180502,153375,103699,185974,48130,231542,144487,16927,27117,45124,16030,8642
  2014 May,2130910,986980,324298,219452,125070,183481,80440,515696,163803,143231,92109,203965,46103,210166,136510,16970,25940,40426,23594,7896
  2014 Jun,2302985,1041999,357812,250436,111337,178202,88065,574529,188430,159367,102497,195473,51754,243810,159531,18236,27193,49124,27547,8342
  2014 Jul,2274043,966822,314979,218118,97662,189501,93745,618635,220420,172163,105344,184192,52765,222289,196793,22738,36046,59541,23629,8918
  2014 Aug,2277703,967138,307993,218899,99017,202662,85404,602183,199533,160931,123427,199401,58923,231897,188498,21227,36004,56131,19757,9906
  2014 Sep,2093056,902381,294342,208811,90792,189562,70601,537094,183898,141353,103740,181210,51014,220441,176603,15849,34074,54028,16127,8186
  2014 Oct,2209537,985074,311396,217265,99705,219254,80727,567632,190669,140672,108965,195533,58274,195576,184869,19111,35855,55901,16183,6396
  2014 Nov,2134128,958791,285253,224472,95150,216839,77867,562732,183178,148220,108148,186537,44470,218223,141600,14888,28057,42554,16877,4898
  2014 Dec,2548964,1119971,333114,275595,100920,254464,90705,650893,203185,173840,125169,222342,68150,289440,166306,16806,29117,55198,23677,8185
  2015 Jan,2243305,967105,258024,211930,126738,226443,85834,558882,180520,139099,105495,227222,62271,234013,164955,17800,29637,56492,21146,7711
  2015 Feb,2018729,853328,238028,202817,94193,193655,72314,577974,219103,145191,102875,188972,50342,197163,130526,15195,26199,41201,15520,4904
  2015 Mar,2237167,1009477,279355,238933,107560,232179,92293,572423,186308,150838,116179,198603,61343,226858,143204,15404,29245,45794,18817,6442
  2015 Apr,2181441,982628,271819,222306,125423,218425,89067,570384,196745,142431,111263,197387,54470,223853,129018,15110,23457,39202,16150,7551
  2015 May,2177764,1007330,298532,230115,126227,217988,83076,531333,177674,141810,96700,215569,53478,208845,131312,14854,24514,38865,23950,5947
  2015 Jun,2372653,1077826,324345,256194,110618,239711,95923,597959,207888,157735,109238,200795,61483,242995,156362,17105,26437,48804,28724,6509
  2015 Jul,2453899,1032583,305283,240410,102622,229653,102411,669299,252910,175829,115818,193835,79453,242224,203033,23077,34524,61997,26393,7079
  2015 Aug,2453913,1048419,318616,254747,108144,218523,95811,665855,238671,171127,128362,204527,68001,242487,194969,21996,35752,57384,20891,8764
  2015 Sep,2177750,938701,290259,230959,97417,190988,81746,561079,195301,143626,107578,179305,58689,240614,175921,17597,32317,52506,16554,6887
  2015 Oct,2275334,991438,298020,231849,102741,222996,83757,583991,193465,143425,117686,192923,67251,221066,192048,19219,35931,58386,19144,7473
  2015 Nov,2255303,995536,274868,240998,103309,232068,82865,594916,188570,155309,117713,197065,51263,243486,147887,14520,27597,45990,18389,6761
  2015 Dec,2643838,1161400,331387,284598,109090,270512,95244,676826,211983,176149,132647,220732,81064,304746,166384,15090,29114,55128,23625,9061
  2016 Jan,2490196,1070670,279840,241990,136563,255251,94262,652135,224915,162489,118555,236042,73138,259678,169618,17442,29516,55836,20851,8064
  2016 Feb,2272357,1003786,268355,246225,107571,230720,89928,624242,244746,143911,113219,202536,59565,215850,145452,15643,27266,44883,15020,5906
  2016 Mar,2437156,1114934,304817,262056,114345,271823,97842,637195,223814,166477,120844,200882,69939,242636,147937,14882,28136,48788,15538,8095
  2016 Apr,2384191,1084205,289167,246072,130245,260779,97425,639740,234657,152355,126390,210858,57665,237287,131631,16743,24649,36286,14431,8374
  2016 May,2366789,1110887,317242,262409,128979,249849,95463,598111,210377,152607,111875,222968,59167,218606,130767,15853,24218,38055,19342,6941
  2016 Jun,2425547,1081679,325245,256080,110994,236316,100447,644231,240398,156381,109984,197209,58651,260169,146792,15828,25854,46055,29580,7236
  2016 Jul,2609912,1110889,327281,264408,106747,247904,108500,711527,284457,170836,114104,209067,82915,256395,201791,21919,35346,66035,28737,8591
  2016 Aug,2438966,1069110,332725,259607,101353,225691,97686,645188,254098,148520,119655,202494,66186,239040,185086,19941,35865,58511,22440,9422
  2016 Sep,2258798,994237,310179,248409,93800,206616,85822,566236,212851,133789,104219,190566,61557,243931,172781,17980,34139,52207,21462,8028
  2016 Oct,2347744,1041372,319758,256392,103821,218518,88423,585639,210307,132063,113949,204524,62822,228783,190505,20294,37913,57141,25409,8690
  2016 Nov,2333956,1032167,300660,257154,103938,218301,90792,611995,217215,141271,114281,212708,53959,243373,144386,15333,29710,43361,28273,7095
  2016 Dec,2838114,1228057,365783,299391,114681,263169,106207,725904,257605,166616,134886,256563,89445,324590,172207,17134,33633,54309,32262,9086
  2017 Jan,2642038,1121253,308766,259314,139796,244080,98670,714742,296317,161089,109393,254276,75821,270370,166352,18160,32906,52431,31408,7816
  2017 Feb,2348046,1048128,288658,256697,108201,234650,95879,612635,248052,125406,111631,223881,63060,211656,157810,17305,33919,49213,24489,6387
  2017 Mar,2543155,1173686,339952,276205,117380,269126,102567,643052,243818,146329,115925,215656,72126,245162,159155,16911,34072,50101,26480,7838
  2017 Apr,2573280,1168110,333326,272647,133850,260989,99960,656846,255355,142400,118514,235993,62072,258039,160399,17361,31759,47300,23754,8067
  2017 May,2469051,1135369,325385,275016,128774,248376,99427,608766,236451,134341,105735,258812,56047,228650,142605,16048,28513,42505,31918,6884
  2017 Jun,2602663,1164044,337912,283947,117232,254786,111912,659893,264024,141704,108320,236149,64178,268757,164663,16589,30566,51530,36765,8214
  2017 Jul,2725701,1162588,340888,281542,110029,253565,118394,727569,311470,159223,111469,240516,78644,260355,211689,21433,40878,61786,34017,10323
  2017 Aug,2572191,1129528,342408,286201,104415,236990,103950,672683,283220,142150,116346,228278,67023,245695,193382,19516,37694,56939,25676,9926
  2017 Sep,2472650,1070862,327701,262631,100054,229789,95690,612623,246932,130902,107075,241302,59791,265236,189014,17726,37404,56360,24891,8931
  2017 Oct,2549697,1115297,314548,281748,109135,249238,100029,636247,251188,132207,116322,246008,63916,240021,211301,20040,40676,64761,26711,10196
  2017 Nov,2520209,1117435,307334,278571,109628,257723,96510,657166,248724,139056,123444,225502,56953,258053,165565,16841,31359,50862,31308,8227
  2017 Dec,2941403,1265695,341468,325974,115193,288020,115188,745817,283422,154909,144624,279586,85823,323129,193948,18013,35287,59993,36768,10637
  2018 Jan,2714369,1159954,303695,274673,135894,270281,106501,687122,271364,136036,127111,289964,70459,268192,194658,18673,35770,61526,33787,10233
  2018 Feb,2428368,1044976,282694,258977,107585,235198,95859,652968,282746,125105,116147,243522,59290,220629,169770,15907,32451,52849,28822,8391
  2018 Mar,2745173,1228188,345498,296538,119808,277274,117296,683203,273631,140341,125022,267886,72528,263264,187675,16368,36868,59819,33065,9364
  2018 Apr,2732843,1221680,342433,288871,140191,266301,114844,687828,289868,126617,127193,284535,61118,260632,176738,16286,35338,51632,30608,9704
  2018 May,2593978,1173568,335489,278942,137781,252335,109385,629769,262151,119821,114321,287209,50426,240361,164932,14855,31965,50295,39012,8701
  2018 Jun,2797378,1218954,360153,295742,128156,257421,120593,705987,294432,135556,124928,264778,67017,287525,199667,17036,38517,62517,44024,9426
  2018 Jul,2877561,1214634,360295,294720,118953,257334,125391,747889,330589,146315,121668,264117,78757,268291,251380,20547,53599,81117,39189,13304
  2018 Aug,2790114,1188634,351613,297297,120609,243170,118760,728352,317446,140527,132220,257360,66530,268592,234915,19168,50551,76429,32374,13357
  2018 Sep,2602920,1108334,340328,277710,108758,228825,101193,640489,271316,119559,117087,255570,63017,271059,223708,18330,48615,70994,30486,10257
  2018 Oct,2657528,1153180,336788,284342,116845,251299,103335,659876,261306,124071,130822,248720,64770,248103,237736,19854,51818,75129,34274,10869
  2018 Nov,2642203,1144291,312409,287891,116803,255376,103399,673815,248615,138923,135191,255261,59919,269031,191879,17184,41198,59668,38171,9836
  2018 Dec,3092165,1312049,371783,332237,123531,288588,118673,765678,289667,151577,155266,294935,92428,342805,226774,18208,49368,70798,45582,11914
  2019 Jan,2865915,1168955,309369,268552,146297,259324,107675,758152,305732,143578,142404,300387,71945,296033,218151,18416,47582,69668,41661,10631
  2019 Feb,2565307,1085547,289305,276106,118596,229904,106464,677760,302273,113745,129804,272129,62673,236211,189079,16152,42981,56532,32924,8984
  2019 Mar,2795669,1223747,339787,294574,123092,275441,119478,722856,292622,139737,141802,269894,72603,267473,191709,16351,43061,56906,37564,9823
  2019 Apr,2824331,1219701,328667,294130,144857,267618,116140,729968,301389,137615,139528,268903,68642,289879,199602,17124,45123,57948,34791,12845
  2019 May,2657323,1174032,324970,288098,147147,240039,110837,664288,279009,120290,122146,267175,53548,266863,176417,15650,37717,50749,43440,11560
  2019 Jun,2920788,1242675,352057,307525,135889,258318,127283,754504,316202,137364,141140,257710,78457,311750,211223,17518,46129,62232,51681,12788
  2019 Jul,2986187,1255813,374571,303637,125956,256669,130461,791788,351031,147164,133197,253138,88265,285001,253404,20354,58117,75467,46086,12692
  2019 Aug,2926617,1237417,361195,312594,127656,248222,123073,764831,343870,119737,149519,262089,79405,286399,241438,19227,55851,72145,40192,14846
  2019 Sep,2726048,1165748,357916,287796,117413,233413,109045,670012,294237,96362,132561,254910,70081,283674,228973,18124,55031,65884,39680,12970
  2019 Oct,2787094,1204375,360198,288091,124152,254709,112534,691555,283940,100904,143116,248897,78457,263965,242036,19459,58244,70813,44130,13679
  2019 Nov,2814414,1217887,343394,294208,125603,268198,115505,714433,283753,111919,149539,266295,73404,285487,199509,17410,45538,58387,45197,12202
  2019 Dec,3231750,1354850,381999,342762,128758,295737,127040,814848,323711,138587,168996,299326,100572,368006,227624,18612,52098,67009,51119,15405
  2020 Jan,3000922,1247872,330712,302705,144839,269296,124867,777762,322487,131340,147308,301249,79968,312814,221564,18604,50590,67097,46502,13191
  2020 Feb,1687083,753430,196322,177329,92852,158009,78597,235440,25783,26017,113031,221919,53980,206578,178240,14836,44487,49454,27751,9745
  2020 Mar,828317,363499,98068,82901,45459,76254,32214,71155,6611,9883,33976,125711,24669,127126,91995,5366,16516,37648,17761,6401
  2020 Apr,5776,1619,453,462,122,228,106,1182,369,163,524,705,535,607,629,0,37,547,275,224
  2020 May,3976,1102,204,300,156,217,88,826,267,147,243,782,90,370,452,0,78,222,354,0
  2020 Jun,13996,3037,580,1073,794,176,208,2780,1364,371,619,2490,1226,2065,1893,42,106,616,505,0
  2020 Jul,34261,5780,1237,1502,1800,419,399,7953,3306,1245,1592,3305,3679,8168,4792,149,349,1426,584,0
  2020 Aug,32865,5561,1162,1467,1661,363,441,9579,4945,981,1695,2017,1889,7620,5628,620,801,2121,571,0
  2020 Sep,35508,8908,1645,2215,2373,580,686,9168,5239,1101,1211,1575,2040,7423,6007,699,487,2872,387,0
  2020 Oct,42267,13078,2354,2987,4395,509,1231,11192,6120,1507,1605,2028,2838,4535,8033,683,746,3826,462,101
  2020 Nov,50114,14838,3371,3485,4201,605,1171,13882,7268,1731,2452,1966,3166,6130,8906,630,619,4586,798,428
  2020 Dec,75337,22049,6448,4159,4843,1236,2057,20517,11612,2462,2875,7515,3999,10114,8914,534,842,4031,1567,662
  2021 Jan,73345,21742,4365,3814,4109,1587,4280,19513,11420,1542,2798,9614,5138,7344,8413,1015,1181,2003,1495,86
  2021 Feb,58750,18598,4353,4723,3864,1303,1091,14241,7888,1334,1881,8639,3879,6530,5735,620,816,1415,1116,12
  2021 Mar,81820,26242,5908,7258,4752,1709,1629,21398,13299,1890,2676,13928,4121,7359,7213,680,1073,1769,1549,10
  2021 Apr,85019,29017,6598,7951,5182,2232,1589,21842,13175,1844,3397,12772,3853,8255,7280,773,1090,1454,1963,37
  2021 May,74145,30321,6842,6748,6957,2423,2118,18812,11415,2072,2330,2102,2861,9089,7751,706,1075,2474,2613,596
  2021 Jun,76387,30651,7509,5187,7024,2670,2781,18250,11069,1971,1951,1338,2944,9821,9695,955,963,4075,2916,772
  2021 Jul,96367,29848,3964,7937,6840,3012,2738,28260,17364,2858,2639,2168,4151,12944,14519,1609,1960,5472,3656,821
  2021 Aug,98300,28902,346,10720,6951,3969,2836,29501,16425,3202,3344,2249,4406,11250,17148,3033,2462,5015,3790,1054
  2021 Sep,103831,28288,1511,11540,2708,6522,1990,32313,14268,4728,4109,3533,4373,9271,20527,2456,4780,5701,4714,812
  2021 Oct,120883,35775,5881,10423,7597,4103,2707,25741,9707,2562,4789,6456,6369,9425,30978,3713,8755,7928,5312,827
  2021 Nov,184721,57023,14171,12686,11348,7660,3103,22893,6947,2726,4181,23156,7839,21376,41448,4612,8693,13360,9730,1256
  2021 Dec,394269,112451,25439,44035,9787,15574,4745,33499,8789,4208,5121,74338,13695,58477,80685,8668,16967,25654,21080,44
  2022 Jan,393421,107373,16959,28834,12660,28604,5308,41343,10625,7931,8187,71618,18299,46965,84137,9294,16643,24823,22881,805
  2022 Feb,365864,125860,20781,45746,16888,17673,10183,38904,9446,12670,4990,66976,14753,41896,57171,7232,9902,17254,18631,1673
  2022 Mar,568945,203489,37448,57463,31175,37158,17128,45571,7179,14314,7839,103465,20971,82559,82936,8022,16624,26429,26636,3318
  2022 Apr,965450,391442,96579,90820,57300,65952,49462,58864,6530,11761,17705,167576,24357,168856,113167,9299,25783,29953,35428,5760
  2022 May,1233581,570605,133653,150303,77598,108138,68071,74022,8605,11563,20934,205407,35026,170299,125122,11374,27476,31968,47702,5398
  2022 Jun,1470490,676073,147532,183269,90171,132875,85804,100397,10654,15115,27006,206325,41829,231599,154865,15732,34990,42559,52831,6571
  2022 Jul,1671555,756737,157162,199936,102796,154381,100436,138603,14431,19371,36276,228881,65591,236803,183729,18479,41677,51459,53690,7521
  2022 Aug,1668806,783387,173840,202616,103356,162275,102171,140480,14540,16063,45373,224590,64417,224325,179476,17072,43953,48141,44754,7377
  2022 Sep,1720124,804101,193038,215577,97723,168072,93753,150840,15467,22869,41836,224959,68579,241033,178603,17955,42644,48256,44695,7314
  2022 Oct,1823550,860841,206049,222403,107655,188712,98211,183577,15965,23769,55696,221599,72937,233455,194413,19933,46194,51493,49000,7728
  2022 Nov,1922090,869489,213017,220371,104626,194279,93847,247593,17880,30756,83424,222583,71101,265382,186000,21438,43500,54712,53226,6716
  2022 Dec,2302447,1031888,259138,281272,107416,225584,111769,352631,24083,48912,119750,245564,94090,302629,204605,25551,46439,60069,63365,7675
  2023 Jan,2254509,990177,237294,250687,135480,218226,103236,377724,36744,56563,110117,262870,83329,276198,200543,23143,46651,58315,56104,7564
  2023 Feb,1998306,900278,215290,235207,108926,196200,102251,352672,50983,59409,101878,237581,65818,219120,172671,19287,40824,49882,44211,5955
  2023 Mar,2294797,1015324,253733,258302,118229,228228,110179,439060,90156,73512,115050,256815,76415,264789,184712,19812,41603,55242,50372,7310
  2023 Apr,2304751,999423,262495,261045,115838,208237,105687,484730,126550,76541,117712,260344,60304,269449,173655,20337,37972,49612,48587,8259
  2023 May,2376786,1025991,295364,256899,123290,201556,102932,488945,132574,75345,115040,272452,67704,276655,178465,20845,37987,50777,58215,8359
  2023 Jun,2580813,1121043,319342,295806,134950,214922,111167,569258,184935,78942,119020,265510,76872,285147,195524,22334,40113,60390,58384,9075
  2023 Jul,2701718,1130304,320258,283944,134631,227415,117479,641419,263392,78733,117761,269634,92080,270523,231770,28309,47008,71819,55952,10036
  2023 Aug,2550494,1079906,316308,278475,120166,206186,112809,595164,243441,74061,116038,257429,78681,269363,211051,26669,42183,61509,48944,9956
  2023 Sep,2434215,1012695,309171,266606,105834,197101,93035,563604,210215,80709,108057,245735,79612,269833,205167,25359,40042,60266,48489,9080
  2023 Oct,2550710,1064962,312292,272799,109914,222667,99917,605863,205807,81671,131578,249750,86059,259029,224682,28918,42852,65715,50985,9380
  2023 Nov,2505727,1038285,286363,269785,113793,218773,99028,615713,190153,85882,147313,253469,72845,284896,184255,24260,36523,54274,48111,8153
  2023 Dec,2911784,1162841,320717,321354,118907,234375,112292,747856,265540,110292,158070,293184,92048,347824,205445,25892,38513,63883,52170,10416
  2024 Jan,2839143,1131172,307312,282679,147579,241208,101950,744869,301732,97242,143597,315133,79984,306838,201764,25321,39980,60395,47577,11806
  2024 Feb,2645916,1084118,283447,294434,123896,238636,93909,712881,324056,85465,133502,276610,72103,263754,184125,22125,38600,55732,42429,9896
  2024 Mar,2838535,1162692,295673,296535,138363,264799,113009,763730,324409,101577,148746,291701,73978,298576,189048,21926,39368,59507,47249,11561
  2024 Apr,2732578,1101447,304889,292736,116665,235029,100406,742647,307829,95685,149604,301695,64919,281650,183036,24537,38283,51949,48064,9120
  2024 May,2688803,1092938,315076,292170,121360,222001,96072,683118,284250,83052,140060,310967,65409,284377,183255,22187,37376,54799,59796,8943
  2024 Jun,2870988,1157174,316588,315011,142023,234730,102272,768707,334891,101093,145927,279834,79260,307654,205921,24058,39254,65066,63125,9313
  2024 Jul,2905055,1150805,315797,314827,129017,237235,106354,800012,383622,105586,138181,270467,94572,281434,238398,26993,47057,76223,59560,9807
  2024 Aug,2820647,1129553,321967,313313,120640,225976,103303,757520,363853,97783,141052,275101,78563,291909,224129,26144,43692,72280,53285,10587
  2024 Sep,2718654,1067025,309639,307150,108697,212885,89246,711663,319703,94312,136102,264963,81600,309643,222514,43965,25495,71966,51442,9804
  2024 Oct,2757008,1078942,305697,294533,117373,227143,92505,741719,315351,90911,157862,258158,85283,288482,239259,28054,46925,74168,55393,9772
  2024 Nov,2839182,1118406,296314,294907,124727,254727,98116,756248,303665,104845,160275,286854,80880,328357,202805,22629,40337,62824,56453,9179
  2024 Dec,3218469,1244205,341960,337008,123812,279506,105848,878499,361183,114321,183767,315485,105289,375999,224638,22678,44055,73704,61766,12588
  2025 Jan,3130805,1189806,319040,303021,150016,264939,101487,909162,405891,121217,169542,323436,90750,336005,212216,20593,42819,68805,58326,11104
  2025 Feb,2754111,1120833,295695,305328,122425,248280,99305,720134,316890,81183,158636,304208,89442,271332,190594,20314,40723,56986,48402,9166
